<?xml version='1.0' encoding='UTF-8'?>
<gpx version="1.1" creator="https://www.komoot.de" xmlns="http://www.topografix.com/GPX/1/1" xmlns:xsi="http://www.w3.org/2001/XMLSchema-instance" xsi:schemaLocation="http://www.topografix.com/GPX/1/1 http://www.topografix.com/GPX/1/1/gpx.xsd">
  <metadata>
    <name>Barrage de Moiry > Cabane de Moiry AR</name>
    <author>
      <link href="https://www.komoot.de">
        <text>komoot</text>
        <type>text/html</type>
      </link>
    </author>
  </metadata>
  <wpt lat="46.137650" lon="7.570120">
    <name>Moiry Dam</name>
    <sym>Flag, Blue</sym>
  </wpt>
  <wpt lat="46.090930" lon="7.595378">
    <name>Cabane de Moiry</name>
    <sym>Fishing Hot Spot Facility</sym>
  </wpt>
  <trk>
    <name>Barrage de Moiry > Cabane de Moiry AR</name>
    <type>jogging</type>
    <trkseg>
      <trkpt lat="46.137659" lon="7.570141">
        <ele>2147.870230</ele>
        <time>2026-09-12T06:52:18.366Z</time>
      </trkpt>
      <trkpt lat="46.137687" lon="7.570118">
        <ele>2147.870230</ele>
        <time>2026-09-12T06:52:19.295Z</time>
      </trkpt>
      <trkpt lat="46.138279" lon="7.570178">
        <ele>2147.870230</ele>
        <time>2026-09-12T06:52:36.602Z</time>
      </trkpt>
      <trkpt lat="46.138298" lon="7.570027">
        <ele>2147.870230</ele>
        <time>2026-09-12T06:52:40.930Z</time>
      </trkpt>
      <trkpt lat="46.138336" lon="7.569953">
        <ele>2147.870230</ele>
        <time>2026-09-12T06:52:43.500Z</time>
      </trkpt>
      <trkpt lat="46.138419" lon="7.569923">
        <ele>2147.870230</ele>
        <time>2026-09-12T06:52:47.017Z</time>
      </trkpt>
      <trkpt lat="46.138836" lon="7.569901">
        <ele>2148.521303</ele>
        <time>2026-09-12T06:53:05.565Z</time>
      </trkpt>
      <trkpt lat="46.138985" lon="7.569781">
        <ele>2148.799480</ele>
        <time>2026-09-12T06:53:14.657Z</time>
      </trkpt>
      <trkpt lat="46.139150" lon="7.569546">
        <ele>2149.177412</ele>
        <time>2026-09-12T06:53:29.535Z</time>
      </trkpt>
      <trkpt lat="46.139191" lon="7.569432">
        <ele>2149.322505</ele>
        <time>2026-09-12T06:53:37.255Z</time>
      </trkpt>
      <trkpt lat="46.139162" lon="7.569323">
        <ele>2149.454401</ele>
        <time>2026-09-12T06:53:43.331Z</time>
      </trkpt>
      <trkpt lat="46.138936" lon="7.569287">
        <ele>2149.825084</ele>
        <time>2026-09-12T06:53:58.844Z</time>
      </trkpt>
      <trkpt lat="46.138876" lon="7.569226">
        <ele>2149.944736</ele>
        <time>2026-09-12T06:54:03.658Z</time>
      </trkpt>
      <trkpt lat="46.138870" lon="7.569120">
        <ele>2150.064877</ele>
        <time>2026-09-12T06:54:08.571Z</time>
      </trkpt>
      <trkpt lat="46.138942" lon="7.569028">
        <ele>2150.221655</ele>
        <time>2026-09-12T06:54:14.737Z</time>
      </trkpt>
      <trkpt lat="46.139370" lon="7.568821">
        <ele>2151.440014</ele>
        <time>2026-09-12T06:54:42.946Z</time>
      </trkpt>
      <trkpt lat="46.139627" lon="7.568866">
        <ele>2153.175611</ele>
        <time>2026-09-12T06:54:59.655Z</time>
      </trkpt>
      <trkpt lat="46.139900" lon="7.568824">
        <ele>2155.016208</ele>
        <time>2026-09-12T06:55:18.367Z</time>
      </trkpt>
      <trkpt lat="46.140139" lon="7.568744">
        <ele>2156.661027</ele>
        <time>2026-09-12T06:55:33.160Z</time>
      </trkpt>
      <trkpt lat="46.140397" lon="7.568578">
        <ele>2158.554796</ele>
        <time>2026-09-12T06:55:50.816Z</time>
      </trkpt>
      <trkpt lat="46.140405" lon="7.568531">
        <ele>2158.779614</ele>
        <time>2026-09-12T06:55:53.338Z</time>
      </trkpt>
      <trkpt lat="46.140369" lon="7.568506">
        <ele>2159.047449</ele>
        <time>2026-09-12T06:55:55.818Z</time>
      </trkpt>
      <trkpt lat="46.140223" lon="7.568570">
        <ele>2160.070406</ele>
        <time>2026-09-12T06:56:06.448Z</time>
      </trkpt>
      <trkpt lat="46.139977" lon="7.568519">
        <ele>2161.736551</ele>
        <time>2026-09-12T06:56:24.994Z</time>
      </trkpt>
      <trkpt lat="46.139644" lon="7.568359">
        <ele>2165.194310</ele>
        <time>2026-09-12T06:56:54.507Z</time>
      </trkpt>
      <trkpt lat="46.139619" lon="7.568317">
        <ele>2165.682807</ele>
        <time>2026-09-12T06:56:58.035Z</time>
      </trkpt>
      <trkpt lat="46.139647" lon="7.568272">
        <ele>2166.216401</ele>
        <time>2026-09-12T06:57:02.056Z</time>
      </trkpt>
      <trkpt lat="46.139820" lon="7.568313">
        <ele>2168.448657</ele>
        <time>2026-09-12T06:57:19.323Z</time>
      </trkpt>
      <trkpt lat="46.139990" lon="7.568295">
        <ele>2170.619031</ele>
        <time>2026-09-12T06:57:36.244Z</time>
      </trkpt>
      <trkpt lat="46.140367" lon="7.568077">
        <ele>2175.790216</ele>
        <time>2026-09-12T06:58:14.946Z</time>
      </trkpt>
      <trkpt lat="46.140439" lon="7.567991">
        <ele>2176.980217</ele>
        <time>2026-09-12T06:58:23.568Z</time>
      </trkpt>
      <trkpt lat="46.140442" lon="7.567937">
        <ele>2177.458155</ele>
        <time>2026-09-12T06:58:26.966Z</time>
      </trkpt>
      <trkpt lat="46.140251" lon="7.568001">
        <ele>2179.954783</ele>
        <time>2026-09-12T06:58:45.262Z</time>
      </trkpt>
      <trkpt lat="46.140024" lon="7.567986">
        <ele>2182.848130</ele>
        <time>2026-09-12T06:59:06.515Z</time>
      </trkpt>
      <trkpt lat="46.139652" lon="7.567825">
        <ele>2189.008990</ele>
        <time>2026-09-12T06:59:42.364Z</time>
      </trkpt>
      <trkpt lat="46.139627" lon="7.567761">
        <ele>2190.045295</ele>
        <time>2026-09-12T06:59:47.415Z</time>
      </trkpt>
      <trkpt lat="46.139660" lon="7.567737">
        <ele>2190.797542</ele>
        <time>2026-09-12T06:59:51.020Z</time>
      </trkpt>
      <trkpt lat="46.139880" lon="7.567778">
        <ele>2195.313202</ele>
        <time>2026-09-12T07:00:14.538Z</time>
      </trkpt>
      <trkpt lat="46.140065" lon="7.567711">
        <ele>2199.195958</ele>
        <time>2026-09-12T07:00:36.622Z</time>
      </trkpt>
      <trkpt lat="46.140468" lon="7.567364">
        <ele>2208.748825</ele>
        <time>2026-09-12T07:01:35.540Z</time>
      </trkpt>
      <trkpt lat="46.140484" lon="7.567311">
        <ele>2209.564263</ele>
        <time>2026-09-12T07:01:41.155Z</time>
      </trkpt>
      <trkpt lat="46.140466" lon="7.567277">
        <ele>2210.167796</ele>
        <time>2026-09-12T07:01:45.446Z</time>
      </trkpt>
      <trkpt lat="46.140206" lon="7.567361">
        <ele>2215.591535</ele>
        <time>2026-09-12T07:02:25.601Z</time>
      </trkpt>
      <trkpt lat="46.140034" lon="7.567348">
        <ele>2219.097686</ele>
        <time>2026-09-12T07:02:53.244Z</time>
      </trkpt>
      <trkpt lat="46.139868" lon="7.567289">
        <ele>2222.551804</ele>
        <time>2026-09-12T07:03:20.408Z</time>
      </trkpt>
      <trkpt lat="46.139621" lon="7.567130">
        <ele>2227.343532</ele>
        <time>2026-09-12T07:04:04.272Z</time>
      </trkpt>
      <trkpt lat="46.139350" lon="7.567073">
        <ele>2232.195611</ele>
        <time>2026-09-12T07:04:47.675Z</time>
      </trkpt>
      <trkpt lat="46.139286" lon="7.567091">
        <ele>2233.350842</ele>
        <time>2026-09-12T07:04:56.750Z</time>
      </trkpt>
      <trkpt lat="46.139134" lon="7.567207">
        <ele>2236.397194</ele>
        <time>2026-09-12T07:05:15.734Z</time>
      </trkpt>
      <trkpt lat="46.139045" lon="7.567223">
        <ele>2237.986210</ele>
        <time>2026-09-12T07:05:24.821Z</time>
      </trkpt>
      <trkpt lat="46.138868" lon="7.567093">
        <ele>2241.504895</ele>
        <time>2026-09-12T07:05:45.902Z</time>
      </trkpt>
      <trkpt lat="46.138547" lon="7.567011">
        <ele>2247.280517</ele>
        <time>2026-09-12T07:06:21.637Z</time>
      </trkpt>
      <trkpt lat="46.138423" lon="7.567101">
        <ele>2249.739640</ele>
        <time>2026-09-12T07:06:34.999Z</time>
      </trkpt>
      <trkpt lat="46.138381" lon="7.567344">
        <ele>2252.814251</ele>
        <time>2026-09-12T07:06:49.867Z</time>
      </trkpt>
      <trkpt lat="46.138348" lon="7.567414">
        <ele>2253.853643</ele>
        <time>2026-09-12T07:06:54.334Z</time>
      </trkpt>
      <trkpt lat="46.138312" lon="7.567499">
        <ele>2254.571423</ele>
        <time>2026-09-12T07:06:57.599Z</time>
      </trkpt>
      <trkpt lat="46.138247" lon="7.567524">
        <ele>2255.040284</ele>
        <time>2026-09-12T07:07:00.823Z</time>
      </trkpt>
      <trkpt lat="46.138160" lon="7.567508">
        <ele>2255.651576</ele>
        <time>2026-09-12T07:07:04.489Z</time>
      </trkpt>
      <trkpt lat="46.138058" lon="7.567396">
        <ele>2256.544900</ele>
        <time>2026-09-12T07:07:09.940Z</time>
      </trkpt>
      <trkpt lat="46.138086" lon="7.567383">
        <ele>2256.749910</ele>
        <time>2026-09-12T07:07:11.017Z</time>
      </trkpt>
      <trkpt lat="46.138032" lon="7.567323">
        <ele>2257.224919</ele>
        <time>2026-09-12T07:07:14.367Z</time>
      </trkpt>
      <trkpt lat="46.137825" lon="7.567269">
        <ele>2258.691086</ele>
        <time>2026-09-12T07:07:23.943Z</time>
      </trkpt>
      <trkpt lat="46.137455" lon="7.567360">
        <ele>2261.307160</ele>
        <time>2026-09-12T07:07:38.862Z</time>
      </trkpt>
      <trkpt lat="46.137276" lon="7.567521">
        <ele>2262.777265</ele>
        <time>2026-09-12T07:07:52.731Z</time>
      </trkpt>
      <trkpt lat="46.137212" lon="7.567534">
        <ele>2263.227740</ele>
        <time>2026-09-12T07:07:57.390Z</time>
      </trkpt>
      <trkpt lat="46.136857" lon="7.567374">
        <ele>2265.819945</ele>
        <time>2026-09-12T07:08:22.971Z</time>
      </trkpt>
      <trkpt lat="46.136646" lon="7.567234">
        <ele>2266.584661</ele>
        <time>2026-09-12T07:08:34.293Z</time>
      </trkpt>
      <trkpt lat="46.136567" lon="7.567118">
        <ele>2266.351255</ele>
        <time>2026-09-12T07:08:39.716Z</time>
      </trkpt>
      <trkpt lat="46.136396" lon="7.566957">
        <ele>2265.928416</ele>
        <time>2026-09-12T07:08:48.941Z</time>
      </trkpt>
      <trkpt lat="46.136261" lon="7.566753">
        <ele>2265.523608</ele>
        <time>2026-09-12T07:08:57.579Z</time>
      </trkpt>
      <trkpt lat="46.135930" lon="7.566657">
        <ele>2264.824412</ele>
        <time>2026-09-12T07:09:12.923Z</time>
      </trkpt>
      <trkpt lat="46.135767" lon="7.566659">
        <ele>2264.486833</ele>
        <time>2026-09-12T07:09:19.744Z</time>
      </trkpt>
      <trkpt lat="46.135472" lon="7.566751">
        <ele>2263.861795</ele>
        <time>2026-09-12T07:09:31.329Z</time>
      </trkpt>
      <trkpt lat="46.135289" lon="7.566752">
        <ele>2263.482806</ele>
        <time>2026-09-12T07:09:37.650Z</time>
      </trkpt>
      <trkpt lat="46.134985" lon="7.566842">
        <ele>2261.885770</ele>
        <time>2026-09-12T07:09:48.244Z</time>
      </trkpt>
      <trkpt lat="46.134829" lon="7.566838">
        <ele>2260.129851</ele>
        <time>2026-09-12T07:09:53.543Z</time>
      </trkpt>
      <trkpt lat="46.134357" lon="7.566967">
        <ele>2254.723480</ele>
        <time>2026-09-12T07:10:09.928Z</time>
      </trkpt>
      <trkpt lat="46.134144" lon="7.566966">
        <ele>2252.326341</ele>
        <time>2026-09-12T07:10:17.237Z</time>
      </trkpt>
      <trkpt lat="46.133698" lon="7.566891">
        <ele>2247.273040</ele>
        <time>2026-09-12T07:10:32.969Z</time>
      </trkpt>
      <trkpt lat="46.133462" lon="7.566779">
        <ele>2244.477125</ele>
        <time>2026-09-12T07:10:42.152Z</time>
      </trkpt>
      <trkpt lat="46.132947" lon="7.566688">
        <ele>2242.061448</ele>
        <time>2026-09-12T07:11:02.369Z</time>
      </trkpt>
      <trkpt lat="46.132792" lon="7.566626">
        <ele>2241.735526</ele>
        <time>2026-09-12T07:11:08.834Z</time>
      </trkpt>
      <trkpt lat="46.132654" lon="7.566468">
        <ele>2241.378569</ele>
        <time>2026-09-12T07:11:16.094Z</time>
      </trkpt>
      <trkpt lat="46.132560" lon="7.566467">
        <ele>2241.188090</ele>
        <time>2026-09-12T07:11:20.005Z</time>
      </trkpt>
      <trkpt lat="46.132483" lon="7.566517">
        <ele>2241.016995</ele>
        <time>2026-09-12T07:11:23.541Z</time>
      </trkpt>
      <trkpt lat="46.132290" lon="7.566480">
        <ele>2240.622480</ele>
        <time>2026-09-12T07:11:31.826Z</time>
      </trkpt>
      <trkpt lat="46.131903" lon="7.566345">
        <ele>2239.815707</ele>
        <time>2026-09-12T07:11:49.033Z</time>
      </trkpt>
      <trkpt lat="46.131721" lon="7.566331">
        <ele>2239.446394</ele>
        <time>2026-09-12T07:11:57.111Z</time>
      </trkpt>
      <trkpt lat="46.131326" lon="7.566209">
        <ele>2240.158446</ele>
        <time>2026-09-12T07:12:15.925Z</time>
      </trkpt>
      <trkpt lat="46.130695" lon="7.565969">
        <ele>2242.579064</ele>
        <time>2026-09-12T07:12:48.767Z</time>
      </trkpt>
      <trkpt lat="46.130499" lon="7.565980">
        <ele>2243.306668</ele>
        <time>2026-09-12T07:12:59.130Z</time>
      </trkpt>
      <trkpt lat="46.130279" lon="7.565844">
        <ele>2244.194488</ele>
        <time>2026-09-12T07:13:11.777Z</time>
      </trkpt>
      <trkpt lat="46.130120" lon="7.565697">
        <ele>2244.894971</ele>
        <time>2026-09-12T07:13:21.805Z</time>
      </trkpt>
      <trkpt lat="46.129915" lon="7.565639">
        <ele>2245.669891</ele>
        <time>2026-09-12T07:13:32.938Z</time>
      </trkpt>
      <trkpt lat="46.129631" lon="7.565460">
        <ele>2247.364524</ele>
        <time>2026-09-12T07:13:49.890Z</time>
      </trkpt>
      <trkpt lat="46.129463" lon="7.565398">
        <ele>2248.365918</ele>
        <time>2026-09-12T07:13:59.795Z</time>
      </trkpt>
      <trkpt lat="46.129129" lon="7.565346">
        <ele>2250.305894</ele>
        <time>2026-09-12T07:14:20.527Z</time>
      </trkpt>
      <trkpt lat="46.128774" lon="7.565200">
        <ele>2252.437592</ele>
        <time>2026-09-12T07:14:46.099Z</time>
      </trkpt>
      <trkpt lat="46.128559" lon="7.565165">
        <ele>2253.687049</ele>
        <time>2026-09-12T07:14:58.300Z</time>
      </trkpt>
      <trkpt lat="46.128278" lon="7.565168">
        <ele>2255.309811</ele>
        <time>2026-09-12T07:15:12.357Z</time>
      </trkpt>
      <trkpt lat="46.127977" lon="7.564895">
        <ele>2256.145664</ele>
        <time>2026-09-12T07:15:29.157Z</time>
      </trkpt>
      <trkpt lat="46.127893" lon="7.564895">
        <ele>2256.110756</ele>
        <time>2026-09-12T07:15:32.928Z</time>
      </trkpt>
      <trkpt lat="46.127853" lon="7.564910">
        <ele>2256.093580</ele>
        <time>2026-09-12T07:15:34.874Z</time>
      </trkpt>
      <trkpt lat="46.127830" lon="7.564919">
        <ele>2256.083677</ele>
        <time>2026-09-12T07:15:35.976Z</time>
      </trkpt>
      <trkpt lat="46.127685" lon="7.565361">
        <ele>2255.942832</ele>
        <time>2026-09-12T07:15:51.135Z</time>
      </trkpt>
      <trkpt lat="46.127291" lon="7.565518">
        <ele>2255.772965</ele>
        <time>2026-09-12T07:16:08.721Z</time>
      </trkpt>
      <trkpt lat="46.127028" lon="7.565516">
        <ele>2255.663666</ele>
        <time>2026-09-12T07:16:19.214Z</time>
      </trkpt>
      <trkpt lat="46.126076" lon="7.565857">
        <ele>2254.573467</ele>
        <time>2026-09-12T07:17:00.063Z</time>
      </trkpt>
      <trkpt lat="46.125805" lon="7.565921">
        <ele>2254.111415</ele>
        <time>2026-09-12T07:17:11.969Z</time>
      </trkpt>
      <trkpt lat="46.125531" lon="7.566045">
        <ele>2253.628237</ele>
        <time>2026-09-12T07:17:24.208Z</time>
      </trkpt>
      <trkpt lat="46.125208" lon="7.566105">
        <ele>2253.080272</ele>
        <time>2026-09-12T07:17:37.916Z</time>
      </trkpt>
      <trkpt lat="46.124882" lon="7.566285">
        <ele>2252.492951</ele>
        <time>2026-09-12T07:17:52.390Z</time>
      </trkpt>
      <trkpt lat="46.124488" lon="7.566288">
        <ele>2252.684414</ele>
        <time>2026-09-12T07:18:08.851Z</time>
      </trkpt>
      <trkpt lat="46.124128" lon="7.566378">
        <ele>2252.912077</ele>
        <time>2026-09-12T07:18:24.540Z</time>
      </trkpt>
      <trkpt lat="46.123998" lon="7.566469">
        <ele>2253.002112</ele>
        <time>2026-09-12T07:18:30.995Z</time>
      </trkpt>
      <trkpt lat="46.123785" lon="7.566751">
        <ele>2253.182246</ele>
        <time>2026-09-12T07:18:43.966Z</time>
      </trkpt>
      <trkpt lat="46.123609" lon="7.566758">
        <ele>2253.291956</ele>
        <time>2026-09-12T07:18:52.287Z</time>
      </trkpt>
      <trkpt lat="46.123391" lon="7.566668">
        <ele>2253.433246</ele>
        <time>2026-09-12T07:19:03.522Z</time>
      </trkpt>
      <trkpt lat="46.123134" lon="7.566657">
        <ele>2253.622073</ele>
        <time>2026-09-12T07:19:16.397Z</time>
      </trkpt>
      <trkpt lat="46.122919" lon="7.566689">
        <ele>2253.957607</ele>
        <time>2026-09-12T07:19:27.438Z</time>
      </trkpt>
      <trkpt lat="46.122715" lon="7.566775">
        <ele>2254.287536</ele>
        <time>2026-09-12T07:19:38.157Z</time>
      </trkpt>
      <trkpt lat="46.122516" lon="7.566728">
        <ele>2254.600573</ele>
        <time>2026-09-12T07:19:48.245Z</time>
      </trkpt>
      <trkpt lat="46.122080" lon="7.566853">
        <ele>2255.290647</ele>
        <time>2026-09-12T07:20:09.056Z</time>
      </trkpt>
      <trkpt lat="46.121744" lon="7.567002">
        <ele>2255.836332</ele>
        <time>2026-09-12T07:20:24.517Z</time>
      </trkpt>
      <trkpt lat="46.121589" lon="7.566969">
        <ele>2256.079557</ele>
        <time>2026-09-12T07:20:31.405Z</time>
      </trkpt>
      <trkpt lat="46.121428" lon="7.567062">
        <ele>2256.348780</ele>
        <time>2026-09-12T07:20:38.920Z</time>
      </trkpt>
      <trkpt lat="46.121270" lon="7.567110">
        <ele>2256.485900</ele>
        <time>2026-09-12T07:20:45.775Z</time>
      </trkpt>
      <trkpt lat="46.121094" lon="7.567238">
        <ele>2256.642766</ele>
        <time>2026-09-12T07:20:54.273Z</time>
      </trkpt>
      <trkpt lat="46.120878" lon="7.567445">
        <ele>2256.849146</ele>
        <time>2026-09-12T07:21:05.497Z</time>
      </trkpt>
      <trkpt lat="46.120792" lon="7.567480">
        <ele>2256.920263</ele>
        <time>2026-09-12T07:21:09.397Z</time>
      </trkpt>
      <trkpt lat="46.120559" lon="7.567471">
        <ele>2257.105769</ele>
        <time>2026-09-12T07:21:19.609Z</time>
      </trkpt>
      <trkpt lat="46.120480" lon="7.567422">
        <ele>2257.174208</ele>
        <time>2026-09-12T07:21:23.372Z</time>
      </trkpt>
      <trkpt lat="46.120363" lon="7.567468">
        <ele>2257.270722</ele>
        <time>2026-09-12T07:21:28.842Z</time>
      </trkpt>
      <trkpt lat="46.119818" lon="7.567432">
        <ele>2257.704931</ele>
        <time>2026-09-12T07:21:54.545Z</time>
      </trkpt>
      <trkpt lat="46.119726" lon="7.567512">
        <ele>2257.790424</ele>
        <time>2026-09-12T07:21:59.839Z</time>
      </trkpt>
      <trkpt lat="46.119588" lon="7.567515">
        <ele>2258.042491</ele>
        <time>2026-09-12T07:22:06.662Z</time>
      </trkpt>
      <trkpt lat="46.119202" lon="7.567612">
        <ele>2258.787814</ele>
        <time>2026-09-12T07:22:26.433Z</time>
      </trkpt>
      <trkpt lat="46.118903" lon="7.567650">
        <ele>2259.358789</ele>
        <time>2026-09-12T07:22:41.250Z</time>
      </trkpt>
      <trkpt lat="46.118790" lon="7.567721">
        <ele>2259.593245</ele>
        <time>2026-09-12T07:22:47.152Z</time>
      </trkpt>
      <trkpt lat="46.118546" lon="7.567690">
        <ele>2260.059190</ele>
        <time>2026-09-12T07:22:58.785Z</time>
      </trkpt>
      <trkpt lat="46.118358" lon="7.567725">
        <ele>2260.419779</ele>
        <time>2026-09-12T07:23:07.035Z</time>
      </trkpt>
      <trkpt lat="46.118273" lon="7.567771">
        <ele>2260.592472</ele>
        <time>2026-09-12T07:23:10.974Z</time>
      </trkpt>
      <trkpt lat="46.118104" lon="7.567961">
        <ele>2261.000045</ele>
        <time>2026-09-12T07:23:20.252Z</time>
      </trkpt>
      <trkpt lat="46.117923" lon="7.567996">
        <ele>2261.418689</ele>
        <time>2026-09-12T07:23:28.387Z</time>
      </trkpt>
      <trkpt lat="46.117593" lon="7.568302">
        <ele>2262.580332</ele>
        <time>2026-09-12T07:23:46.596Z</time>
      </trkpt>
      <trkpt lat="46.117468" lon="7.568490">
        <ele>2263.115052</ele>
        <time>2026-09-12T07:23:55.099Z</time>
      </trkpt>
      <trkpt lat="46.117308" lon="7.568648">
        <ele>2263.689210</ele>
        <time>2026-09-12T07:24:04.356Z</time>
      </trkpt>
      <trkpt lat="46.116922" lon="7.568817">
        <ele>2264.883707</ele>
        <time>2026-09-12T07:24:24.142Z</time>
      </trkpt>
      <trkpt lat="46.116788" lon="7.568831">
        <ele>2265.281545</ele>
        <time>2026-09-12T07:24:31.038Z</time>
      </trkpt>
      <trkpt lat="46.116709" lon="7.568917">
        <ele>2265.574610</ele>
        <time>2026-09-12T07:24:36.051Z</time>
      </trkpt>
      <trkpt lat="46.115645" lon="7.569613">
        <ele>2268.740035</ele>
        <time>2026-09-12T07:25:41.663Z</time>
      </trkpt>
      <trkpt lat="46.115488" lon="7.569679">
        <ele>2269.167059</ele>
        <time>2026-09-12T07:25:49.431Z</time>
      </trkpt>
      <trkpt lat="46.115311" lon="7.569697">
        <ele>2269.630403</ele>
        <time>2026-09-12T07:25:57.627Z</time>
      </trkpt>
      <trkpt lat="46.115236" lon="7.569799">
        <ele>2269.899562</ele>
        <time>2026-09-12T07:26:02.163Z</time>
      </trkpt>
      <trkpt lat="46.115212" lon="7.569844">
        <ele>2270.002339</ele>
        <time>2026-09-12T07:26:04.007Z</time>
      </trkpt>
      <trkpt lat="46.115067" lon="7.570063">
        <ele>2270.550535</ele>
        <time>2026-09-12T07:26:13.201Z</time>
      </trkpt>
      <trkpt lat="46.114996" lon="7.570301">
        <ele>2271.019556</ele>
        <time>2026-09-12T07:26:20.951Z</time>
      </trkpt>
      <trkpt lat="46.114785" lon="7.570819">
        <ele>2270.568652</ele>
        <time>2026-09-12T07:26:38.494Z</time>
      </trkpt>
      <trkpt lat="46.114706" lon="7.571013">
        <ele>2270.251405</ele>
        <time>2026-09-12T07:26:44.724Z</time>
      </trkpt>
      <trkpt lat="46.114351" lon="7.571427">
        <ele>2269.322882</ele>
        <time>2026-09-12T07:27:03.228Z</time>
      </trkpt>
      <trkpt lat="46.114183" lon="7.571448">
        <ele>2268.979887</ele>
        <time>2026-09-12T07:27:10.257Z</time>
      </trkpt>
      <trkpt lat="46.114135" lon="7.571495">
        <ele>2268.861887</ele>
        <time>2026-09-12T07:27:12.697Z</time>
      </trkpt>
      <trkpt lat="46.113947" lon="7.571724">
        <ele>2268.361398</ele>
        <time>2026-09-12T07:27:22.969Z</time>
      </trkpt>
      <trkpt lat="46.113709" lon="7.571814">
        <ele>2267.860945</ele>
        <time>2026-09-12T07:27:33.395Z</time>
      </trkpt>
      <trkpt lat="46.113430" lon="7.572100">
        <ele>2267.607824</ele>
        <time>2026-09-12T07:27:47.698Z</time>
      </trkpt>
      <trkpt lat="46.113334" lon="7.572212">
        <ele>2267.622203</ele>
        <time>2026-09-12T07:27:52.956Z</time>
      </trkpt>
      <trkpt lat="46.113125" lon="7.572680">
        <ele>2267.667150</ele>
        <time>2026-09-12T07:28:09.352Z</time>
      </trkpt>
      <trkpt lat="46.112950" lon="7.572878">
        <ele>2267.693053</ele>
        <time>2026-09-12T07:28:19.104Z</time>
      </trkpt>
      <trkpt lat="46.112955" lon="7.572904">
        <ele>2267.695232</ele>
        <time>2026-09-12T07:28:19.882Z</time>
      </trkpt>
      <trkpt lat="46.112954" lon="7.572992">
        <ele>2267.702337</ele>
        <time>2026-09-12T07:28:22.486Z</time>
      </trkpt>
      <trkpt lat="46.112949" lon="7.573029">
        <ele>2267.705381</ele>
        <time>2026-09-12T07:28:23.606Z</time>
      </trkpt>
      <trkpt lat="46.112727" lon="7.573264">
        <ele>2267.737451</ele>
        <time>2026-09-12T07:28:35.752Z</time>
      </trkpt>
      <trkpt lat="46.112490" lon="7.573466">
        <ele>2267.769511</ele>
        <time>2026-09-12T07:28:48.219Z</time>
      </trkpt>
      <trkpt lat="46.111967" lon="7.574157">
        <ele>2270.988605</ele>
        <time>2026-09-12T07:29:23.351Z</time>
      </trkpt>
      <trkpt lat="46.111535" lon="7.574954">
        <ele>2275.427146</ele>
        <time>2026-09-12T07:30:03.181Z</time>
      </trkpt>
      <trkpt lat="46.111429" lon="7.575173">
        <ele>2276.598962</ele>
        <time>2026-09-12T07:30:14.592Z</time>
      </trkpt>
      <trkpt lat="46.111047" lon="7.575539">
        <ele>2279.963279</ele>
        <time>2026-09-12T07:30:44.897Z</time>
      </trkpt>
      <trkpt lat="46.110752" lon="7.575665">
        <ele>2284.677564</ele>
        <time>2026-09-12T07:31:08.227Z</time>
      </trkpt>
      <trkpt lat="46.110436" lon="7.576067">
        <ele>2291.133733</ele>
        <time>2026-09-12T07:31:43.050Z</time>
      </trkpt>
      <trkpt lat="46.110258" lon="7.576357">
        <ele>2295.248309</ele>
        <time>2026-09-12T07:32:06.487Z</time>
      </trkpt>
      <trkpt lat="46.109611" lon="7.576832">
        <ele>2306.372544</ele>
        <time>2026-09-12T07:33:17.137Z</time>
      </trkpt>
      <trkpt lat="46.109512" lon="7.576804">
        <ele>2307.864774</ele>
        <time>2026-09-12T07:33:28.403Z</time>
      </trkpt>
      <trkpt lat="46.109440" lon="7.576999">
        <ele>2310.105256</ele>
        <time>2026-09-12T07:33:46.265Z</time>
      </trkpt>
      <trkpt lat="46.109399" lon="7.577036">
        <ele>2310.812695</ele>
        <time>2026-09-12T07:33:51.685Z</time>
      </trkpt>
      <trkpt lat="46.109237" lon="7.576948">
        <ele>2313.344843</ele>
        <time>2026-09-12T07:34:10.629Z</time>
      </trkpt>
      <trkpt lat="46.109139" lon="7.576935">
        <ele>2314.784400</ele>
        <time>2026-09-12T07:34:20.734Z</time>
      </trkpt>
      <trkpt lat="46.108770" lon="7.577003">
        <ele>2320.225869</ele>
        <time>2026-09-12T07:34:55.474Z</time>
      </trkpt>
      <trkpt lat="46.108566" lon="7.577161">
        <ele>2323.612886</ele>
        <time>2026-09-12T07:35:14.420Z</time>
      </trkpt>
      <trkpt lat="46.108504" lon="7.577267">
        <ele>2325.019321</ele>
        <time>2026-09-12T07:35:22.129Z</time>
      </trkpt>
      <trkpt lat="46.107982" lon="7.577303">
        <ele>2332.663667</ele>
        <time>2026-09-12T07:35:53.476Z</time>
      </trkpt>
      <trkpt lat="46.107674" lon="7.577448">
        <ele>2334.643237</ele>
        <time>2026-09-12T07:36:09.958Z</time>
      </trkpt>
      <trkpt lat="46.107515" lon="7.577587">
        <ele>2335.640079</ele>
        <time>2026-09-12T07:36:18.400Z</time>
      </trkpt>
      <trkpt lat="46.107116" lon="7.578147">
        <ele>2338.624973</ele>
        <time>2026-09-12T07:36:40.992Z</time>
      </trkpt>
      <trkpt lat="46.106551" lon="7.578895">
        <ele>2342.754112</ele>
        <time>2026-09-12T07:37:16.520Z</time>
      </trkpt>
      <trkpt lat="46.106472" lon="7.579000">
        <ele>2343.541934</ele>
        <time>2026-09-12T07:37:21.824Z</time>
      </trkpt>
      <trkpt lat="46.106323" lon="7.579174">
        <ele>2344.947878</ele>
        <time>2026-09-12T07:37:31.109Z</time>
      </trkpt>
      <trkpt lat="46.106208" lon="7.579650">
        <ele>2347.510832</ele>
        <time>2026-09-12T07:37:54.555Z</time>
      </trkpt>
      <trkpt lat="46.106122" lon="7.579894">
        <ele>2348.902559</ele>
        <time>2026-09-12T07:38:07.614Z</time>
      </trkpt>
      <trkpt lat="46.106016" lon="7.580272">
        <ele>2350.975761</ele>
        <time>2026-09-12T07:38:27.671Z</time>
      </trkpt>
      <trkpt lat="46.106075" lon="7.580739">
        <ele>2353.389333</ele>
        <time>2026-09-12T07:38:51.673Z</time>
      </trkpt>
      <trkpt lat="46.106120" lon="7.581098">
        <ele>2355.244267</ele>
        <time>2026-09-12T07:39:10.632Z</time>
      </trkpt>
      <trkpt lat="46.106091" lon="7.581604">
        <ele>2359.177352</ele>
        <time>2026-09-12T07:39:38.611Z</time>
      </trkpt>
      <trkpt lat="46.106096" lon="7.582222">
        <ele>2364.502895</ele>
        <time>2026-09-12T07:40:16.505Z</time>
      </trkpt>
      <trkpt lat="46.105927" lon="7.582439">
        <ele>2367.314990</ele>
        <time>2026-09-12T07:40:37.943Z</time>
      </trkpt>
      <trkpt lat="46.105902" lon="7.582679">
        <ele>2369.406238</ele>
        <time>2026-09-12T07:40:54.288Z</time>
      </trkpt>
      <trkpt lat="46.105995" lon="7.583116">
        <ele>2373.345184</ele>
        <time>2026-09-12T07:41:25.517Z</time>
      </trkpt>
      <trkpt lat="46.105980" lon="7.583420">
        <ele>2375.971321</ele>
        <time>2026-09-12T07:41:46.377Z</time>
      </trkpt>
      <trkpt lat="46.106028" lon="7.583599">
        <ele>2377.625075</ele>
        <time>2026-09-12T07:41:59.510Z</time>
      </trkpt>
      <trkpt lat="46.105985" lon="7.583724">
        <ele>2379.078020</ele>
        <time>2026-09-12T07:42:08.992Z</time>
      </trkpt>
      <trkpt lat="46.105931" lon="7.584114">
        <ele>2383.952383</ele>
        <time>2026-09-12T07:42:36.380Z</time>
      </trkpt>
      <trkpt lat="46.105544" lon="7.584233">
        <ele>2390.947356</ele>
        <time>2026-09-12T07:43:15.097Z</time>
      </trkpt>
      <trkpt lat="46.105341" lon="7.584254">
        <ele>2394.545125</ele>
        <time>2026-09-12T07:43:36.231Z</time>
      </trkpt>
      <trkpt lat="46.105158" lon="7.584350">
        <ele>2397.987459</ele>
        <time>2026-09-12T07:43:57.397Z</time>
      </trkpt>
      <trkpt lat="46.104889" lon="7.584558">
        <ele>2403.383000</ele>
        <time>2026-09-12T07:44:33.221Z</time>
      </trkpt>
      <trkpt lat="46.104736" lon="7.584652">
        <ele>2406.322835</ele>
        <time>2026-09-12T07:44:54.568Z</time>
      </trkpt>
      <trkpt lat="46.104582" lon="7.584844">
        <ele>2409.921318</ele>
        <time>2026-09-12T07:45:22.469Z</time>
      </trkpt>
      <trkpt lat="46.104143" lon="7.585913">
        <ele>2432.400435</ele>
        <time>2026-09-12T07:47:35.630Z</time>
      </trkpt>
      <trkpt lat="46.103919" lon="7.585994">
        <ele>2438.440550</ele>
        <time>2026-09-12T07:48:16.073Z</time>
      </trkpt>
      <trkpt lat="46.103725" lon="7.586168">
        <ele>2444.415803</ele>
        <time>2026-09-12T07:48:55.081Z</time>
      </trkpt>
      <trkpt lat="46.103638" lon="7.586408">
        <ele>2449.327126</ele>
        <time>2026-09-12T07:49:26.017Z</time>
      </trkpt>
      <trkpt lat="46.103603" lon="7.586839">
        <ele>2457.176836</ele>
        <time>2026-09-12T07:50:13.568Z</time>
      </trkpt>
      <trkpt lat="46.103682" lon="7.586966">
        <ele>2459.770455</ele>
        <time>2026-09-12T07:50:31.481Z</time>
      </trkpt>
      <trkpt lat="46.103764" lon="7.587335">
        <ele>2465.660740</ele>
        <time>2026-09-12T07:51:11.099Z</time>
      </trkpt>
      <trkpt lat="46.103322" lon="7.587570">
        <ele>2475.988658</ele>
        <time>2026-09-12T07:52:18.155Z</time>
      </trkpt>
      <trkpt lat="46.103091" lon="7.587943">
        <ele>2483.591203</ele>
        <time>2026-09-12T07:53:03.852Z</time>
      </trkpt>
      <trkpt lat="46.103009" lon="7.587938">
        <ele>2485.390583</ele>
        <time>2026-09-12T07:53:14.211Z</time>
      </trkpt>
      <trkpt lat="46.102632" lon="7.588454">
        <ele>2496.660484</ele>
        <time>2026-09-12T07:54:17.884Z</time>
      </trkpt>
      <trkpt lat="46.102485" lon="7.588728">
        <ele>2499.558751</ele>
        <time>2026-09-12T07:54:43.969Z</time>
      </trkpt>
      <trkpt lat="46.102364" lon="7.588828">
        <ele>2501.241367</ele>
        <time>2026-09-12T07:54:58.155Z</time>
      </trkpt>
      <trkpt lat="46.102260" lon="7.589167">
        <ele>2504.342568</ele>
        <time>2026-09-12T07:55:23.173Z</time>
      </trkpt>
      <trkpt lat="46.102227" lon="7.589383">
        <ele>2506.192927</ele>
        <time>2026-09-12T07:55:37.499Z</time>
      </trkpt>
      <trkpt lat="46.102175" lon="7.589569">
        <ele>2507.870692</ele>
        <time>2026-09-12T07:55:50.107Z</time>
      </trkpt>
      <trkpt lat="46.102081" lon="7.589914">
        <ele>2510.971739</ele>
        <time>2026-09-12T07:56:12.535Z</time>
      </trkpt>
      <trkpt lat="46.101910" lon="7.590249">
        <ele>2514.451830</ele>
        <time>2026-09-12T07:56:35.734Z</time>
      </trkpt>
      <trkpt lat="46.101636" lon="7.590978">
        <ele>2519.515374</ele>
        <time>2026-09-12T07:57:15.528Z</time>
      </trkpt>
      <trkpt lat="46.101160" lon="7.591703">
        <ele>2522.947209</ele>
        <time>2026-09-12T07:57:57.387Z</time>
      </trkpt>
      <trkpt lat="46.100752" lon="7.591893">
        <ele>2525.072535</ele>
        <time>2026-09-12T07:58:23.548Z</time>
      </trkpt>
      <trkpt lat="46.100354" lon="7.591854">
        <ele>2527.050014</ele>
        <time>2026-09-12T07:58:48.833Z</time>
      </trkpt>
      <trkpt lat="46.100138" lon="7.591916">
        <ele>2528.085006</ele>
        <time>2026-09-12T07:59:02.757Z</time>
      </trkpt>
      <trkpt lat="46.100010" lon="7.592023">
        <ele>2528.777476</ele>
        <time>2026-09-12T07:59:11.813Z</time>
      </trkpt>
      <trkpt lat="46.099838" lon="7.592278">
        <ele>2529.932034</ele>
        <time>2026-09-12T07:59:26.898Z</time>
      </trkpt>
      <trkpt lat="46.099725" lon="7.592285">
        <ele>2530.461417</ele>
        <time>2026-09-12T07:59:33.877Z</time>
      </trkpt>
      <trkpt lat="46.099500" lon="7.592403">
        <ele>2531.581998</ele>
        <time>2026-09-12T07:59:48.706Z</time>
      </trkpt>
      <trkpt lat="46.099382" lon="7.592515">
        <ele>2532.243179</ele>
        <time>2026-09-12T07:59:57.627Z</time>
      </trkpt>
      <trkpt lat="46.099321" lon="7.592618">
        <ele>2532.682796</ele>
        <time>2026-09-12T08:00:03.614Z</time>
      </trkpt>
      <trkpt lat="46.098631" lon="7.592637">
        <ele>2535.949779</ele>
        <time>2026-09-12T08:00:47.510Z</time>
      </trkpt>
      <trkpt lat="46.097789" lon="7.592801">
        <ele>2540.323204</ele>
        <time>2026-09-12T08:01:40.680Z</time>
      </trkpt>
      <trkpt lat="46.097607" lon="7.593069">
        <ele>2541.662114</ele>
        <time>2026-09-12T08:01:56.810Z</time>
      </trkpt>
      <trkpt lat="46.097319" lon="7.593055">
        <ele>2543.145394</ele>
        <time>2026-09-12T08:02:15.089Z</time>
      </trkpt>
      <trkpt lat="46.097170" lon="7.593098">
        <ele>2543.927557</ele>
        <time>2026-09-12T08:02:24.818Z</time>
      </trkpt>
      <trkpt lat="46.097014" lon="7.593076">
        <ele>2544.734375</ele>
        <time>2026-09-12T08:02:34.940Z</time>
      </trkpt>
      <trkpt lat="46.096773" lon="7.593138">
        <ele>2547.720211</ele>
        <time>2026-09-12T08:02:51.334Z</time>
      </trkpt>
      <trkpt lat="46.096557" lon="7.593098">
        <ele>2550.462940</ele>
        <time>2026-09-12T08:03:06.882Z</time>
      </trkpt>
      <trkpt lat="46.095933" lon="7.593126">
        <ele>2558.325649</ele>
        <time>2026-09-12T08:03:57.051Z</time>
      </trkpt>
      <trkpt lat="46.095818" lon="7.593183">
        <ele>2559.857170</ele>
        <time>2026-09-12T08:04:08.665Z</time>
      </trkpt>
      <trkpt lat="46.095772" lon="7.593308">
        <ele>2561.093075</ele>
        <time>2026-09-12T08:04:18.487Z</time>
      </trkpt>
      <trkpt lat="46.095571" lon="7.593486">
        <ele>2564.063785</ele>
        <time>2026-09-12T08:04:44.415Z</time>
      </trkpt>
      <trkpt lat="46.095576" lon="7.593695">
        <ele>2565.890210</ele>
        <time>2026-09-12T08:05:02.543Z</time>
      </trkpt>
      <trkpt lat="46.095486" lon="7.593914">
        <ele>2568.887027</ele>
        <time>2026-09-12T08:05:26.599Z</time>
      </trkpt>
      <trkpt lat="46.095415" lon="7.593960">
        <ele>2571.017883</ele>
        <time>2026-09-12T08:05:37.635Z</time>
      </trkpt>
      <trkpt lat="46.095221" lon="7.593881">
        <ele>2576.536517</ele>
        <time>2026-09-12T08:06:07.015Z</time>
      </trkpt>
      <trkpt lat="46.095013" lon="7.593989">
        <ele>2582.588596</ele>
        <time>2026-09-12T08:06:40.823Z</time>
      </trkpt>
      <trkpt lat="46.094462" lon="7.594085">
        <ele>2597.782459</ele>
        <time>2026-09-12T08:08:08.579Z</time>
      </trkpt>
      <trkpt lat="46.094239" lon="7.593914">
        <ele>2604.696784</ele>
        <time>2026-09-12T08:08:51.137Z</time>
      </trkpt>
      <trkpt lat="46.094179" lon="7.593924">
        <ele>2606.350277</ele>
        <time>2026-09-12T08:09:01.639Z</time>
      </trkpt>
      <trkpt lat="46.094039" lon="7.593856">
        <ele>2610.394490</ele>
        <time>2026-09-12T08:09:29.130Z</time>
      </trkpt>
      <trkpt lat="46.094027" lon="7.594019">
        <ele>2613.506369</ele>
        <time>2026-09-12T08:09:51.157Z</time>
      </trkpt>
      <trkpt lat="46.093800" lon="7.593978">
        <ele>2620.616920</ele>
        <time>2026-09-12T08:10:37.066Z</time>
      </trkpt>
      <trkpt lat="46.093699" lon="7.593890">
        <ele>2624.737888</ele>
        <time>2026-09-12T08:11:01.387Z</time>
      </trkpt>
      <trkpt lat="46.093554" lon="7.593927">
        <ele>2629.880240</ele>
        <time>2026-09-12T08:11:32.395Z</time>
      </trkpt>
      <trkpt lat="46.093651" lon="7.593976">
        <ele>2633.469509</ele>
        <time>2026-09-12T08:11:54.407Z</time>
      </trkpt>
      <trkpt lat="46.093694" lon="7.594067">
        <ele>2636.136290</ele>
        <time>2026-09-12T08:12:10.854Z</time>
      </trkpt>
      <trkpt lat="46.093728" lon="7.594223">
        <ele>2640.096439</ele>
        <time>2026-09-12T08:12:35.956Z</time>
      </trkpt>
      <trkpt lat="46.093789" lon="7.594293">
        <ele>2642.818891</ele>
        <time>2026-09-12T08:12:53.316Z</time>
      </trkpt>
      <trkpt lat="46.093815" lon="7.594463">
        <ele>2647.034827</ele>
        <time>2026-09-12T08:13:20.319Z</time>
      </trkpt>
      <trkpt lat="46.093730" lon="7.594348">
        <ele>2651.105158</ele>
        <time>2026-09-12T08:13:46.190Z</time>
      </trkpt>
      <trkpt lat="46.093657" lon="7.594345">
        <ele>2653.655495</ele>
        <time>2026-09-12T08:14:02.346Z</time>
      </trkpt>
      <trkpt lat="46.093525" lon="7.594264">
        <ele>2658.665217</ele>
        <time>2026-09-12T08:14:33.887Z</time>
      </trkpt>
      <trkpt lat="46.093339" lon="7.594375">
        <ele>2665.694981</ele>
        <time>2026-09-12T08:15:17.999Z</time>
      </trkpt>
      <trkpt lat="46.093483" lon="7.594413">
        <ele>2670.807253</ele>
        <time>2026-09-12T08:15:49.581Z</time>
      </trkpt>
      <trkpt lat="46.093584" lon="7.594702">
        <ele>2678.644706</ele>
        <time>2026-09-12T08:16:36.303Z</time>
      </trkpt>
      <trkpt lat="46.093560" lon="7.594743">
        <ele>2679.857611</ele>
        <time>2026-09-12T08:16:43.859Z</time>
      </trkpt>
      <trkpt lat="46.093419" lon="7.594602">
        <ele>2684.666511</ele>
        <time>2026-09-12T08:17:16.558Z</time>
      </trkpt>
      <trkpt lat="46.093254" lon="7.594616">
        <ele>2689.298798</ele>
        <time>2026-09-12T08:17:45.594Z</time>
      </trkpt>
      <trkpt lat="46.092759" lon="7.594424">
        <ele>2703.664786</ele>
        <time>2026-09-12T08:19:06.421Z</time>
      </trkpt>
      <trkpt lat="46.092885" lon="7.594728">
        <ele>2710.548105</ele>
        <time>2026-09-12T08:19:42.323Z</time>
      </trkpt>
      <trkpt lat="46.092687" lon="7.594690">
        <ele>2716.146184</ele>
        <time>2026-09-12T08:20:11.375Z</time>
      </trkpt>
      <trkpt lat="46.092794" lon="7.594915">
        <ele>2721.448669</ele>
        <time>2026-09-12T08:20:40.045Z</time>
      </trkpt>
      <trkpt lat="46.092560" lon="7.594868">
        <ele>2728.070065</ele>
        <time>2026-09-12T08:21:17.658Z</time>
      </trkpt>
      <trkpt lat="46.092643" lon="7.595098">
        <ele>2732.941271</ele>
        <time>2026-09-12T08:21:47.267Z</time>
      </trkpt>
      <trkpt lat="46.092436" lon="7.595070">
        <ele>2738.461569</ele>
        <time>2026-09-12T08:22:22.588Z</time>
      </trkpt>
      <trkpt lat="46.092540" lon="7.595303">
        <ele>2743.563722</ele>
        <time>2026-09-12T08:22:56.265Z</time>
      </trkpt>
      <trkpt lat="46.092376" lon="7.595244">
        <ele>2748.051651</ele>
        <time>2026-09-12T08:23:25.609Z</time>
      </trkpt>
      <trkpt lat="46.092431" lon="7.595370">
        <ele>2750.793074</ele>
        <time>2026-09-12T08:23:43.147Z</time>
      </trkpt>
      <trkpt lat="46.092346" lon="7.595356">
        <ele>2753.064630</ele>
        <time>2026-09-12T08:23:57.752Z</time>
      </trkpt>
      <trkpt lat="46.092388" lon="7.595450">
        <ele>2755.123630</ele>
        <time>2026-09-12T08:24:10.484Z</time>
      </trkpt>
      <trkpt lat="46.092321" lon="7.595429">
        <ele>2756.944124</ele>
        <time>2026-09-12T08:24:21.908Z</time>
      </trkpt>
      <trkpt lat="46.092343" lon="7.595508">
        <ele>2758.511687</ele>
        <time>2026-09-12T08:24:31.693Z</time>
      </trkpt>
      <trkpt lat="46.092083" lon="7.595551">
        <ele>2765.460346</ele>
        <time>2026-09-12T08:25:15.640Z</time>
      </trkpt>
      <trkpt lat="46.092179" lon="7.595671">
        <ele>2768.833707</ele>
        <time>2026-09-12T08:25:36.354Z</time>
      </trkpt>
      <trkpt lat="46.092017" lon="7.595717">
        <ele>2773.217661</ele>
        <time>2026-09-12T08:26:02.362Z</time>
      </trkpt>
      <trkpt lat="46.092106" lon="7.595787">
        <ele>2775.909420</ele>
        <time>2026-09-12T08:26:17.076Z</time>
      </trkpt>
      <trkpt lat="46.092044" lon="7.595852">
        <ele>2777.727374</ele>
        <time>2026-09-12T08:26:27.367Z</time>
      </trkpt>
      <trkpt lat="46.091886" lon="7.595896">
        <ele>2778.598534</ele>
        <time>2026-09-12T08:26:46.461Z</time>
      </trkpt>
      <trkpt lat="46.091794" lon="7.595868">
        <ele>2779.107562</ele>
        <time>2026-09-12T08:26:56.854Z</time>
      </trkpt>
      <trkpt lat="46.091542" lon="7.595711">
        <ele>2780.593691</ele>
        <time>2026-09-12T08:27:26.306Z</time>
      </trkpt>
      <trkpt lat="46.091385" lon="7.595676">
        <ele>2781.453729</ele>
        <time>2026-09-12T08:27:40.324Z</time>
      </trkpt>
      <trkpt lat="46.091289" lon="7.595584">
        <ele>2782.077751</ele>
        <time>2026-09-12T08:27:49.438Z</time>
      </trkpt>
      <trkpt lat="46.091129" lon="7.595539">
        <ele>2782.960256</ele>
        <time>2026-09-12T08:27:59.611Z</time>
      </trkpt>
      <trkpt lat="46.090980" lon="7.595442">
        <ele>2783.845288</ele>
        <time>2026-09-12T08:28:08.550Z</time>
      </trkpt>
      <trkpt lat="46.090921" lon="7.595411">
        <ele>2784.185237</ele>
        <time>2026-09-12T08:28:11.525Z</time>
      </trkpt>
      <trkpt lat="46.090980" lon="7.595442">
        <ele>2784.525186</ele>
        <time>2026-09-12T08:28:15.285Z</time>
      </trkpt>
      <trkpt lat="46.091129" lon="7.595539">
        <ele>2785.410218</ele>
        <time>2026-09-12T08:28:23.418Z</time>
      </trkpt>
      <trkpt lat="46.091289" lon="7.595584">
        <ele>2786.292723</ele>
        <time>2026-09-12T08:28:31.027Z</time>
      </trkpt>
      <trkpt lat="46.091385" lon="7.595676">
        <ele>2786.916744</ele>
        <time>2026-09-12T08:28:35.903Z</time>
      </trkpt>
      <trkpt lat="46.091542" lon="7.595711">
        <ele>2785.879435</ele>
        <time>2026-09-12T08:28:42.341Z</time>
      </trkpt>
      <trkpt lat="46.091794" lon="7.595868">
        <ele>2779.700751</ele>
        <time>2026-09-12T08:28:53.412Z</time>
      </trkpt>
      <trkpt lat="46.091886" lon="7.595896">
        <ele>2777.584433</ele>
        <time>2026-09-12T08:28:57.168Z</time>
      </trkpt>
      <trkpt lat="46.092044" lon="7.595852">
        <ele>2773.962525</ele>
        <time>2026-09-12T08:29:03.599Z</time>
      </trkpt>
      <trkpt lat="46.092106" lon="7.595787">
        <ele>2772.237207</ele>
        <time>2026-09-12T08:29:06.642Z</time>
      </trkpt>
      <trkpt lat="46.092017" lon="7.595717">
        <ele>2769.955421</ele>
        <time>2026-09-12T08:29:10.752Z</time>
      </trkpt>
      <trkpt lat="46.092179" lon="7.595671">
        <ele>2766.239171</ele>
        <time>2026-09-12T08:29:17.703Z</time>
      </trkpt>
      <trkpt lat="46.092083" lon="7.595551">
        <ele>2763.379595</ele>
        <time>2026-09-12T08:29:23.127Z</time>
      </trkpt>
      <trkpt lat="46.092343" lon="7.595508">
        <ele>2757.489263</ele>
        <time>2026-09-12T08:29:34.441Z</time>
      </trkpt>
      <trkpt lat="46.092321" lon="7.595429">
        <ele>2756.160450</ele>
        <time>2026-09-12T08:29:36.976Z</time>
      </trkpt>
      <trkpt lat="46.092388" lon="7.595450">
        <ele>2754.617229</ele>
        <time>2026-09-12T08:29:39.928Z</time>
      </trkpt>
      <trkpt lat="46.092346" lon="7.595356">
        <ele>2752.871829</ele>
        <time>2026-09-12T08:29:43.262Z</time>
      </trkpt>
      <trkpt lat="46.092431" lon="7.595370">
        <ele>2750.946245</ele>
        <time>2026-09-12T08:29:46.989Z</time>
      </trkpt>
      <trkpt lat="46.092376" lon="7.595244">
        <ele>2748.622359</ele>
        <time>2026-09-12T08:29:51.471Z</time>
      </trkpt>
      <trkpt lat="46.092540" lon="7.595303">
        <ele>2744.370098</ele>
        <time>2026-09-12T08:29:58.880Z</time>
      </trkpt>
      <trkpt lat="46.092436" lon="7.595070">
        <ele>2739.126054</ele>
        <time>2026-09-12T08:30:07.346Z</time>
      </trkpt>
      <trkpt lat="46.092643" lon="7.595098">
        <ele>2733.452236</ele>
        <time>2026-09-12T08:30:16.402Z</time>
      </trkpt>
      <trkpt lat="46.092560" lon="7.594868">
        <ele>2728.545320</ele>
        <time>2026-09-12T08:30:24.130Z</time>
      </trkpt>
      <trkpt lat="46.092794" lon="7.594915">
        <ele>2722.097822</ele>
        <time>2026-09-12T08:30:34.120Z</time>
      </trkpt>
      <trkpt lat="46.092687" lon="7.594690">
        <ele>2716.934595</ele>
        <time>2026-09-12T08:30:41.946Z</time>
      </trkpt>
      <trkpt lat="46.092885" lon="7.594728">
        <ele>2711.483539</ele>
        <time>2026-09-12T08:30:50.056Z</time>
      </trkpt>
      <trkpt lat="46.092759" lon="7.594424">
        <ele>2704.780996</ele>
        <time>2026-09-12T08:31:00.065Z</time>
      </trkpt>
      <trkpt lat="46.093254" lon="7.594616">
        <ele>2689.207312</ele>
        <time>2026-09-12T08:31:21.655Z</time>
      </trkpt>
      <trkpt lat="46.093419" lon="7.594602">
        <ele>2683.682405</ele>
        <time>2026-09-12T08:31:28.936Z</time>
      </trkpt>
      <trkpt lat="46.093560" lon="7.594743">
        <ele>2677.946851</ele>
        <time>2026-09-12T08:31:36.747Z</time>
      </trkpt>
      <trkpt lat="46.093584" lon="7.594702">
        <ele>2676.703124</ele>
        <time>2026-09-12T08:31:38.497Z</time>
      </trkpt>
      <trkpt lat="46.093483" lon="7.594413">
        <ele>2669.201296</ele>
        <time>2026-09-12T08:31:49.135Z</time>
      </trkpt>
      <trkpt lat="46.093339" lon="7.594375">
        <ele>2664.307948</ele>
        <time>2026-09-12T08:31:56.186Z</time>
      </trkpt>
      <trkpt lat="46.093525" lon="7.594264">
        <ele>2657.579222</ele>
        <time>2026-09-12T08:32:05.967Z</time>
      </trkpt>
      <trkpt lat="46.093657" lon="7.594345">
        <ele>2652.784032</ele>
        <time>2026-09-12T08:32:12.946Z</time>
      </trkpt>
      <trkpt lat="46.093730" lon="7.594348">
        <ele>2650.342909</ele>
        <time>2026-09-12T08:32:16.504Z</time>
      </trkpt>
      <trkpt lat="46.093815" lon="7.594463">
        <ele>2646.446883</ele>
        <time>2026-09-12T08:32:22.217Z</time>
      </trkpt>
      <trkpt lat="46.093789" lon="7.594293">
        <ele>2642.411487</ele>
        <time>2026-09-12T08:32:28.153Z</time>
      </trkpt>
      <trkpt lat="46.093728" lon="7.594223">
        <ele>2639.805619</ele>
        <time>2026-09-12T08:32:31.964Z</time>
      </trkpt>
      <trkpt lat="46.093694" lon="7.594067">
        <ele>2636.129199</ele>
        <time>2026-09-12T08:32:37.504Z</time>
      </trkpt>
      <trkpt lat="46.093651" lon="7.593976">
        <ele>2633.747643</ele>
        <time>2026-09-12T08:32:41.188Z</time>
      </trkpt>
      <trkpt lat="46.093554" lon="7.593927">
        <ele>2630.542263</ele>
        <time>2026-09-12T08:32:46.117Z</time>
      </trkpt>
      <trkpt lat="46.093699" lon="7.593890">
        <ele>2625.949909</ele>
        <time>2026-09-12T08:32:53.129Z</time>
      </trkpt>
      <trkpt lat="46.093800" lon="7.593978">
        <ele>2622.269698</ele>
        <time>2026-09-12T08:32:58.678Z</time>
      </trkpt>
      <trkpt lat="46.094027" lon="7.594019">
        <ele>2615.134961</ele>
        <time>2026-09-12T08:33:09.318Z</time>
      </trkpt>
      <trkpt lat="46.094039" lon="7.593856">
        <ele>2611.589889</ele>
        <time>2026-09-12T08:33:14.523Z</time>
      </trkpt>
      <trkpt lat="46.094179" lon="7.593924">
        <ele>2606.982697</ele>
        <time>2026-09-12T08:33:21.186Z</time>
      </trkpt>
      <trkpt lat="46.094239" lon="7.593914">
        <ele>2605.099028</ele>
        <time>2026-09-12T08:33:23.826Z</time>
      </trkpt>
      <trkpt lat="46.094462" lon="7.594085">
        <ele>2597.222188</ele>
        <time>2026-09-12T08:33:34.777Z</time>
      </trkpt>
      <trkpt lat="46.095013" lon="7.593989">
        <ele>2580.645867</ele>
        <time>2026-09-12T08:33:58.178Z</time>
      </trkpt>
      <trkpt lat="46.095221" lon="7.593881">
        <ele>2576.702817</ele>
        <time>2026-09-12T08:34:07.372Z</time>
      </trkpt>
      <trkpt lat="46.095415" lon="7.593960">
        <ele>2573.107317</ele>
        <time>2026-09-12T08:34:15.588Z</time>
      </trkpt>
      <trkpt lat="46.095486" lon="7.593914">
        <ele>2571.719022</ele>
        <time>2026-09-12T08:34:18.701Z</time>
      </trkpt>
      <trkpt lat="46.095576" lon="7.593695">
        <ele>2568.570392</ele>
        <time>2026-09-12T08:34:25.717Z</time>
      </trkpt>
      <trkpt lat="46.095571" lon="7.593486">
        <ele>2565.983838</ele>
        <time>2026-09-12T08:34:31.507Z</time>
      </trkpt>
      <trkpt lat="46.095772" lon="7.593308">
        <ele>2561.776764</ele>
        <time>2026-09-12T08:34:41.002Z</time>
      </trkpt>
      <trkpt lat="46.095818" lon="7.593183">
        <ele>2560.026496</ele>
        <time>2026-09-12T08:34:44.948Z</time>
      </trkpt>
      <trkpt lat="46.095933" lon="7.593126">
        <ele>2557.857580</ele>
        <time>2026-09-12T08:34:49.880Z</time>
      </trkpt>
      <trkpt lat="46.096557" lon="7.593098">
        <ele>2548.570384</ele>
        <time>2026-09-12T08:35:16.091Z</time>
      </trkpt>
      <trkpt lat="46.096773" lon="7.593138">
        <ele>2547.230027</ele>
        <time>2026-09-12T08:35:25.635Z</time>
      </trkpt>
      <trkpt lat="46.097014" lon="7.593076">
        <ele>2545.723297</ele>
        <time>2026-09-12T08:35:36.630Z</time>
      </trkpt>
      <trkpt lat="46.097170" lon="7.593098">
        <ele>2544.758565</ele>
        <time>2026-09-12T08:35:43.777Z</time>
      </trkpt>
      <trkpt lat="46.097319" lon="7.593055">
        <ele>2543.823314</ele>
        <time>2026-09-12T08:35:50.736Z</time>
      </trkpt>
      <trkpt lat="46.097607" lon="7.593069">
        <ele>2542.049720</ele>
        <time>2026-09-12T08:36:04.035Z</time>
      </trkpt>
      <trkpt lat="46.097789" lon="7.592801">
        <ele>2540.448754</ele>
        <time>2026-09-12T08:36:16.162Z</time>
      </trkpt>
      <trkpt lat="46.098631" lon="7.592637">
        <ele>2535.954017</ele>
        <time>2026-09-12T08:36:55.548Z</time>
      </trkpt>
      <trkpt lat="46.099321" lon="7.592618">
        <ele>2532.665318</ele>
        <time>2026-09-12T08:37:27.298Z</time>
      </trkpt>
      <trkpt lat="46.099382" lon="7.592515">
        <ele>2532.217729</ele>
        <time>2026-09-12T08:37:31.617Z</time>
      </trkpt>
      <trkpt lat="46.099500" lon="7.592403">
        <ele>2531.544558</ele>
        <time>2026-09-12T08:37:38.150Z</time>
      </trkpt>
      <trkpt lat="46.099725" lon="7.592285">
        <ele>2530.403656</ele>
        <time>2026-09-12T08:37:49.298Z</time>
      </trkpt>
      <trkpt lat="46.099838" lon="7.592278">
        <ele>2529.867398</ele>
        <time>2026-09-12T08:37:54.616Z</time>
      </trkpt>
      <trkpt lat="46.100010" lon="7.592023">
        <ele>2528.776563</ele>
        <time>2026-09-12T08:38:06.173Z</time>
      </trkpt>
      <trkpt lat="46.100138" lon="7.591916">
        <ele>2528.122312</ele>
        <time>2026-09-12T08:38:13.112Z</time>
      </trkpt>
      <trkpt lat="46.100354" lon="7.591854">
        <ele>2527.148391</ele>
        <time>2026-09-12T08:38:23.311Z</time>
      </trkpt>
      <trkpt lat="46.100752" lon="7.591893">
        <ele>2525.384314</ele>
        <time>2026-09-12T08:38:41.709Z</time>
      </trkpt>
      <trkpt lat="46.101160" lon="7.591703">
        <ele>2523.488346</ele>
        <time>2026-09-12T08:39:01.867Z</time>
      </trkpt>
      <trkpt lat="46.101636" lon="7.590978">
        <ele>2520.767272</ele>
        <time>2026-09-12T08:39:34.477Z</time>
      </trkpt>
      <trkpt lat="46.101910" lon="7.590249">
        <ele>2518.793463</ele>
        <time>2026-09-12T08:40:01.237Z</time>
      </trkpt>
      <trkpt lat="46.102081" lon="7.589914">
        <ele>2517.803276</ele>
        <time>2026-09-12T08:40:14.780Z</time>
      </trkpt>
      <trkpt lat="46.102175" lon="7.589569">
        <ele>2516.920939</ele>
        <time>2026-09-12T08:40:27.122Z</time>
      </trkpt>
      <trkpt lat="46.102260" lon="7.589550">
        <ele>2516.625654</ele>
        <time>2026-09-12T08:40:31.367Z</time>
      </trkpt>
      <trkpt lat="46.102352" lon="7.589372">
        <ele>2516.097197</ele>
        <time>2026-09-12T08:40:38.992Z</time>
      </trkpt>
      <trkpt lat="46.102861" lon="7.589078">
        <ele>2515.047195</ele>
        <time>2026-09-12T08:41:06.770Z</time>
      </trkpt>
      <trkpt lat="46.102939" lon="7.589117">
        <ele>2514.915082</ele>
        <time>2026-09-12T08:41:10.913Z</time>
      </trkpt>
      <trkpt lat="46.102989" lon="7.589091">
        <ele>2514.830024</ele>
        <time>2026-09-12T08:41:13.576Z</time>
      </trkpt>
      <trkpt lat="46.103482" lon="7.589055">
        <ele>2514.040057</ele>
        <time>2026-09-12T08:41:38.229Z</time>
      </trkpt>
      <trkpt lat="46.103607" lon="7.589127">
        <ele>2513.824654</ele>
        <time>2026-09-12T08:41:44.933Z</time>
      </trkpt>
      <trkpt lat="46.103753" lon="7.589148">
        <ele>2513.589849</ele>
        <time>2026-09-12T08:41:52.155Z</time>
      </trkpt>
      <trkpt lat="46.103865" lon="7.589208">
        <ele>2513.398649</ele>
        <time>2026-09-12T08:41:58.046Z</time>
      </trkpt>
      <trkpt lat="46.103878" lon="7.589292">
        <ele>2513.303150</ele>
        <time>2026-09-12T08:42:01.007Z</time>
      </trkpt>
      <trkpt lat="46.103905" lon="7.589306">
        <ele>2513.257234</ele>
        <time>2026-09-12T08:42:02.425Z</time>
      </trkpt>
      <trkpt lat="46.104063" lon="7.589069">
        <ele>2512.891982</ele>
        <time>2026-09-12T08:42:13.775Z</time>
      </trkpt>
      <trkpt lat="46.104305" lon="7.588877">
        <ele>2512.388268</ele>
        <time>2026-09-12T08:42:27.489Z</time>
      </trkpt>
      <trkpt lat="46.104560" lon="7.588869">
        <ele>2511.923105</ele>
        <time>2026-09-12T08:42:39.999Z</time>
      </trkpt>
      <trkpt lat="46.104667" lon="7.588910">
        <ele>2511.721196</ele>
        <time>2026-09-12T08:42:45.410Z</time>
      </trkpt>
      <trkpt lat="46.104790" lon="7.588860">
        <ele>2511.488136</ele>
        <time>2026-09-12T08:42:51.668Z</time>
      </trkpt>
      <trkpt lat="46.104925" lon="7.588902">
        <ele>2511.236269</ele>
        <time>2026-09-12T08:42:58.393Z</time>
      </trkpt>
      <trkpt lat="46.104972" lon="7.588833">
        <ele>2511.113960</ele>
        <time>2026-09-12T08:43:01.713Z</time>
      </trkpt>
      <trkpt lat="46.105021" lon="7.588669">
        <ele>2510.888152</ele>
        <time>2026-09-12T08:43:07.815Z</time>
      </trkpt>
      <trkpt lat="46.105179" lon="7.588579">
        <ele>2510.578343</ele>
        <time>2026-09-12T08:43:16.303Z</time>
      </trkpt>
      <trkpt lat="46.105255" lon="7.588614">
        <ele>2510.432845</ele>
        <time>2026-09-12T08:43:20.262Z</time>
      </trkpt>
      <trkpt lat="46.105402" lon="7.588560">
        <ele>2510.156197</ele>
        <time>2026-09-12T08:43:27.900Z</time>
      </trkpt>
      <trkpt lat="46.105487" lon="7.588604">
        <ele>2509.991497</ele>
        <time>2026-09-12T08:43:32.494Z</time>
      </trkpt>
      <trkpt lat="46.105690" lon="7.588575">
        <ele>2509.619467</ele>
        <time>2026-09-12T08:43:42.834Z</time>
      </trkpt>
      <trkpt lat="46.105794" lon="7.588433">
        <ele>2508.922858</ele>
        <time>2026-09-12T08:43:50.017Z</time>
      </trkpt>
      <trkpt lat="46.105948" lon="7.588357">
        <ele>2508.123157</ele>
        <time>2026-09-12T08:43:58.129Z</time>
      </trkpt>
      <trkpt lat="46.106032" lon="7.588384">
        <ele>2507.700322</ele>
        <time>2026-09-12T08:44:02.344Z</time>
      </trkpt>
      <trkpt lat="46.106226" lon="7.588282">
        <ele>2506.685803</ele>
        <time>2026-09-12T08:44:12.237Z</time>
      </trkpt>
      <trkpt lat="46.106488" lon="7.588215">
        <ele>2505.378465</ele>
        <time>2026-09-12T08:44:24.556Z</time>
      </trkpt>
      <trkpt lat="46.106673" lon="7.588266">
        <ele>2504.453066</ele>
        <time>2026-09-12T08:44:33.045Z</time>
      </trkpt>
      <trkpt lat="46.106850" lon="7.588247">
        <ele>2503.581022</ele>
        <time>2026-09-12T08:44:40.902Z</time>
      </trkpt>
      <trkpt lat="46.106935" lon="7.588125">
        <ele>2502.991855</ele>
        <time>2026-09-12T08:44:46.163Z</time>
      </trkpt>
      <trkpt lat="46.106959" lon="7.587836">
        <ele>2502.000368</ele>
        <time>2026-09-12T08:44:54.976Z</time>
      </trkpt>
      <trkpt lat="46.107198" lon="7.587308">
        <ele>2500.273107</ele>
        <time>2026-09-12T08:45:13.979Z</time>
      </trkpt>
      <trkpt lat="46.107548" lon="7.586819">
        <ele>2498.966935</ele>
        <time>2026-09-12T08:45:35.591Z</time>
      </trkpt>
      <trkpt lat="46.108162" lon="7.586367">
        <ele>2497.119109</ele>
        <time>2026-09-12T08:46:09.329Z</time>
      </trkpt>
      <trkpt lat="46.108532" lon="7.586261">
        <ele>2496.107933</ele>
        <time>2026-09-12T08:46:30.449Z</time>
      </trkpt>
      <trkpt lat="46.108943" lon="7.585841">
        <ele>2497.513840</ele>
        <time>2026-09-12T08:47:01.293Z</time>
      </trkpt>
      <trkpt lat="46.109018" lon="7.585570">
        <ele>2498.217950</ele>
        <time>2026-09-12T08:47:13.833Z</time>
      </trkpt>
      <trkpt lat="46.109209" lon="7.584597">
        <ele>2500.658130</ele>
        <time>2026-09-12T08:47:56.882Z</time>
      </trkpt>
      <trkpt lat="46.109368" lon="7.584185">
        <ele>2501.795947</ele>
        <time>2026-09-12T08:48:16.260Z</time>
      </trkpt>
      <trkpt lat="46.109604" lon="7.583401">
        <ele>2503.337507</ele>
        <time>2026-09-12T08:48:50.370Z</time>
      </trkpt>
      <trkpt lat="46.109842" lon="7.583126">
        <ele>2504.062041</ele>
        <time>2026-09-12T08:49:06.801Z</time>
      </trkpt>
      <trkpt lat="46.110131" lon="7.582719">
        <ele>2505.021690</ele>
        <time>2026-09-12T08:49:28.739Z</time>
      </trkpt>
      <trkpt lat="46.110220" lon="7.582634">
        <ele>2505.275299</ele>
        <time>2026-09-12T08:49:34.762Z</time>
      </trkpt>
      <trkpt lat="46.110292" lon="7.582562">
        <ele>2505.483456</ele>
        <time>2026-09-12T08:49:41.856Z</time>
      </trkpt>
      <trkpt lat="46.110306" lon="7.582403">
        <ele>2505.747461</ele>
        <time>2026-09-12T08:49:50.885Z</time>
      </trkpt>
      <trkpt lat="46.110518" lon="7.581791">
        <ele>2506.718334</ele>
        <time>2026-09-12T08:50:31.846Z</time>
      </trkpt>
      <trkpt lat="46.110789" lon="7.581609">
        <ele>2507.139790</ele>
        <time>2026-09-12T08:50:57.004Z</time>
      </trkpt>
      <trkpt lat="46.111136" lon="7.581623">
        <ele>2507.629205</ele>
        <time>2026-09-12T08:51:25.002Z</time>
      </trkpt>
      <trkpt lat="46.111415" lon="7.581494">
        <ele>2508.042271</ele>
        <time>2026-09-12T08:51:49.423Z</time>
      </trkpt>
      <trkpt lat="46.111477" lon="7.581395">
        <ele>2508.172670</ele>
        <time>2026-09-12T08:51:57.032Z</time>
      </trkpt>
      <trkpt lat="46.111522" lon="7.581368">
        <ele>2508.241384</ele>
        <time>2026-09-12T08:52:00.918Z</time>
      </trkpt>
      <trkpt lat="46.111850" lon="7.581301">
        <ele>2508.708434</ele>
        <time>2026-09-12T08:52:26.341Z</time>
      </trkpt>
      <trkpt lat="46.111983" lon="7.581191">
        <ele>2508.924582</ele>
        <time>2026-09-12T08:52:37.499Z</time>
      </trkpt>
      <trkpt lat="46.112150" lon="7.580751">
        <ele>2508.074723</ele>
        <time>2026-09-12T08:53:01.851Z</time>
      </trkpt>
      <trkpt lat="46.112233" lon="7.580722">
        <ele>2507.779681</ele>
        <time>2026-09-12T08:53:07.622Z</time>
      </trkpt>
      <trkpt lat="46.112273" lon="7.580649">
        <ele>2507.556824</ele>
        <time>2026-09-12T08:53:11.946Z</time>
      </trkpt>
      <trkpt lat="46.112419" lon="7.580545">
        <ele>2506.994271</ele>
        <time>2026-09-12T08:53:22.727Z</time>
      </trkpt>
      <trkpt lat="46.112779" lon="7.580204">
        <ele>2505.506360</ele>
        <time>2026-09-12T08:53:51.255Z</time>
      </trkpt>
      <trkpt lat="46.113065" lon="7.580011">
        <ele>2504.415507</ele>
        <time>2026-09-12T08:54:12.454Z</time>
      </trkpt>
      <trkpt lat="46.113151" lon="7.579887">
        <ele>2503.995418</ele>
        <time>2026-09-12T08:54:20.632Z</time>
      </trkpt>
      <trkpt lat="46.113222" lon="7.579721">
        <ele>2503.528267</ele>
        <time>2026-09-12T08:54:29.856Z</time>
      </trkpt>
      <trkpt lat="46.113478" lon="7.579560">
        <ele>2502.562214</ele>
        <time>2026-09-12T08:54:49.157Z</time>
      </trkpt>
      <trkpt lat="46.113623" lon="7.579426">
        <ele>2501.964370</ele>
        <time>2026-09-12T08:55:01.293Z</time>
      </trkpt>
      <trkpt lat="46.113802" lon="7.579345">
        <ele>2501.313071</ele>
        <time>2026-09-12T08:55:14.714Z</time>
      </trkpt>
      <trkpt lat="46.114144" lon="7.579056">
        <ele>2499.937018</ele>
        <time>2026-09-12T08:55:43.283Z</time>
      </trkpt>
      <trkpt lat="46.114345" lon="7.578839">
        <ele>2499.065413</ele>
        <time>2026-09-12T08:56:00.869Z</time>
      </trkpt>
      <trkpt lat="46.114482" lon="7.578734">
        <ele>2498.526824</ele>
        <time>2026-09-12T08:56:11.512Z</time>
      </trkpt>
      <trkpt lat="46.114601" lon="7.578498">
        <ele>2497.824488</ele>
        <time>2026-09-12T08:56:25.155Z</time>
      </trkpt>
      <trkpt lat="46.114724" lon="7.578396">
        <ele>2497.331935</ele>
        <time>2026-09-12T08:56:34.507Z</time>
      </trkpt>
      <trkpt lat="46.114869" lon="7.578364">
        <ele>2496.822678</ele>
        <time>2026-09-12T08:56:44.051Z</time>
      </trkpt>
      <trkpt lat="46.115036" lon="7.578181">
        <ele>2496.163965</ele>
        <time>2026-09-12T08:56:57.556Z</time>
      </trkpt>
      <trkpt lat="46.115170" lon="7.577784">
        <ele>2495.256984</ele>
        <time>2026-09-12T08:57:17.318Z</time>
      </trkpt>
      <trkpt lat="46.115241" lon="7.577682">
        <ele>2494.960077</ele>
        <time>2026-09-12T08:57:23.834Z</time>
      </trkpt>
      <trkpt lat="46.115386" lon="7.577548">
        <ele>2494.449829</ele>
        <time>2026-09-12T08:57:35.137Z</time>
      </trkpt>
      <trkpt lat="46.115416" lon="7.577446">
        <ele>2494.222240</ele>
        <time>2026-09-12T08:57:40.193Z</time>
      </trkpt>
      <trkpt lat="46.115616" lon="7.577291">
        <ele>2493.549519</ele>
        <time>2026-09-12T08:57:55.397Z</time>
      </trkpt>
      <trkpt lat="46.115795" lon="7.577199">
        <ele>2492.986471</ele>
        <time>2026-09-12T08:58:08.275Z</time>
      </trkpt>
      <trkpt lat="46.116278" lon="7.577082">
        <ele>2491.535269</ele>
        <time>2026-09-12T08:58:43.648Z</time>
      </trkpt>
      <trkpt lat="46.116475" lon="7.576915">
        <ele>2492.007064</ele>
        <time>2026-09-12T08:59:02.308Z</time>
      </trkpt>
      <trkpt lat="46.116665" lon="7.576798">
        <ele>2493.243838</ele>
        <time>2026-09-12T08:59:21.096Z</time>
      </trkpt>
      <trkpt lat="46.116806" lon="7.576711">
        <ele>2494.161937</ele>
        <time>2026-09-12T08:59:36.402Z</time>
      </trkpt>
      <trkpt lat="46.116914" lon="7.576701">
        <ele>2494.809834</ele>
        <time>2026-09-12T08:59:47.757Z</time>
      </trkpt>
      <trkpt lat="46.117003" lon="7.576620">
        <ele>2495.439824</ele>
        <time>2026-09-12T08:59:58.949Z</time>
      </trkpt>
      <trkpt lat="46.117122" lon="7.576685">
        <ele>2496.201602</ele>
        <time>2026-09-12T09:00:12.622Z</time>
      </trkpt>
      <trkpt lat="46.117212" lon="7.576682">
        <ele>2496.740551</ele>
        <time>2026-09-12T09:00:22.420Z</time>
      </trkpt>
      <trkpt lat="46.117390" lon="7.576781">
        <ele>2497.882642</ele>
        <time>2026-09-12T09:00:43.364Z</time>
      </trkpt>
      <trkpt lat="46.117985" lon="7.576867">
        <ele>2501.462576</ele>
        <time>2026-09-12T09:01:45.645Z</time>
      </trkpt>
      <trkpt lat="46.118394" lon="7.577049">
        <ele>2503.743946</ele>
        <time>2026-09-12T09:02:26.315Z</time>
      </trkpt>
      <trkpt lat="46.119264" lon="7.576878">
        <ele>2508.268614</ele>
        <time>2026-09-12T09:03:42.706Z</time>
      </trkpt>
      <trkpt lat="46.119551" lon="7.576926">
        <ele>2509.757477</ele>
        <time>2026-09-12T09:04:07.298Z</time>
      </trkpt>
      <trkpt lat="46.119620" lon="7.576973">
        <ele>2510.150685</ele>
        <time>2026-09-12T09:04:14.114Z</time>
      </trkpt>
      <trkpt lat="46.119742" lon="7.577046">
        <ele>2510.831300</ele>
        <time>2026-09-12T09:04:26.303Z</time>
      </trkpt>
      <trkpt lat="46.119926" lon="7.577135">
        <ele>2512.390068</ele>
        <time>2026-09-12T09:04:45.158Z</time>
      </trkpt>
      <trkpt lat="46.120142" lon="7.577165">
        <ele>2514.631779</ele>
        <time>2026-09-12T09:05:07.897Z</time>
      </trkpt>
      <trkpt lat="46.120444" lon="7.577460">
        <ele>2518.399455</ele>
        <time>2026-09-12T09:05:50.316Z</time>
      </trkpt>
      <trkpt lat="46.120544" lon="7.577647">
        <ele>2520.090661</ele>
        <time>2026-09-12T09:06:11.074Z</time>
      </trkpt>
      <trkpt lat="46.120603" lon="7.577679">
        <ele>2520.741811</ele>
        <time>2026-09-12T09:06:19.111Z</time>
      </trkpt>
      <trkpt lat="46.120695" lon="7.577831">
        <ele>2522.186764</ele>
        <time>2026-09-12T09:06:36.999Z</time>
      </trkpt>
      <trkpt lat="46.121321" lon="7.578313">
        <ele>2529.517028</ele>
        <time>2026-09-12T09:08:10.315Z</time>
      </trkpt>
      <trkpt lat="46.121492" lon="7.578417">
        <ele>2530.800165</ele>
        <time>2026-09-12T09:08:35.930Z</time>
      </trkpt>
      <trkpt lat="46.121737" lon="7.578412">
        <ele>2532.314462</ele>
        <time>2026-09-12T09:09:10.606Z</time>
      </trkpt>
      <trkpt lat="46.122059" lon="7.578580">
        <ele>2534.430610</ele>
        <time>2026-09-12T09:09:57.550Z</time>
      </trkpt>
      <trkpt lat="46.122135" lon="7.578723">
        <ele>2535.202518</ele>
        <time>2026-09-12T09:10:13.591Z</time>
      </trkpt>
      <trkpt lat="46.122202" lon="7.578791">
        <ele>2535.708783</ele>
        <time>2026-09-12T09:10:23.609Z</time>
      </trkpt>
      <trkpt lat="46.122633" lon="7.579152">
        <ele>2538.788781</ele>
        <time>2026-09-12T09:11:09.807Z</time>
      </trkpt>
      <trkpt lat="46.122675" lon="7.579311">
        <ele>2539.517657</ele>
        <time>2026-09-12T09:11:18.267Z</time>
      </trkpt>
      <trkpt lat="46.122686" lon="7.579542">
        <ele>2540.509498</ele>
        <time>2026-09-12T09:11:29.120Z</time>
      </trkpt>
      <trkpt lat="46.122716" lon="7.579596">
        <ele>2540.805946</ele>
        <time>2026-09-12T09:11:32.262Z</time>
      </trkpt>
      <trkpt lat="46.122805" lon="7.579579">
        <ele>2540.339616</ele>
        <time>2026-09-12T09:11:37.936Z</time>
      </trkpt>
      <trkpt lat="46.122968" lon="7.579370">
        <ele>2538.146181</ele>
        <time>2026-09-12T09:11:51.226Z</time>
      </trkpt>
      <trkpt lat="46.123109" lon="7.579250">
        <ele>2536.499571</ele>
        <time>2026-09-12T09:12:00.778Z</time>
      </trkpt>
      <trkpt lat="46.123235" lon="7.579034">
        <ele>2534.531352</ele>
        <time>2026-09-12T09:12:12.211Z</time>
      </trkpt>
      <trkpt lat="46.123359" lon="7.578919">
        <ele>2533.048644</ele>
        <time>2026-09-12T09:12:20.719Z</time>
      </trkpt>
      <trkpt lat="46.123410" lon="7.578782">
        <ele>2531.964490</ele>
        <time>2026-09-12T09:12:26.986Z</time>
      </trkpt>
      <trkpt lat="46.123655" lon="7.578568">
        <ele>2529.083734</ele>
        <time>2026-09-12T09:12:43.619Z</time>
      </trkpt>
      <trkpt lat="46.123624" lon="7.578501">
        <ele>2528.522124</ele>
        <time>2026-09-12T09:12:46.851Z</time>
      </trkpt>
      <trkpt lat="46.123797" lon="7.578380">
        <ele>2526.588317</ele>
        <time>2026-09-12T09:12:58.079Z</time>
      </trkpt>
      <trkpt lat="46.123893" lon="7.578373">
        <ele>2525.621470</ele>
        <time>2026-09-12T09:13:03.726Z</time>
      </trkpt>
      <trkpt lat="46.123989" lon="7.578467">
        <ele>2524.454481</ele>
        <time>2026-09-12T09:13:10.627Z</time>
      </trkpt>
      <trkpt lat="46.124215" lon="7.578454">
        <ele>2522.957180</ele>
        <time>2026-09-12T09:13:24.984Z</time>
      </trkpt>
      <trkpt lat="46.124358" lon="7.578485">
        <ele>2523.116257</ele>
        <time>2026-09-12T09:13:34.944Z</time>
      </trkpt>
      <trkpt lat="46.124513" lon="7.578587">
        <ele>2523.303668</ele>
        <time>2026-09-12T09:13:47.579Z</time>
      </trkpt>
      <trkpt lat="46.124927" lon="7.578643">
        <ele>2523.761100</ele>
        <time>2026-09-12T09:14:23.214Z</time>
      </trkpt>
      <trkpt lat="46.125199" lon="7.578621">
        <ele>2524.060792</ele>
        <time>2026-09-12T09:14:48.374Z</time>
      </trkpt>
      <trkpt lat="46.125660" lon="7.578866">
        <ele>2524.601239</ele>
        <time>2026-09-12T09:15:33.178Z</time>
      </trkpt>
      <trkpt lat="46.126169" lon="7.578787">
        <ele>2525.369585</ele>
        <time>2026-09-12T09:16:14.476Z</time>
      </trkpt>
      <trkpt lat="46.126518" lon="7.578659">
        <ele>2526.031988</ele>
        <time>2026-09-12T09:16:41.708Z</time>
      </trkpt>
      <trkpt lat="46.126749" lon="7.578632">
        <ele>2526.458305</ele>
        <time>2026-09-12T09:16:58.933Z</time>
      </trkpt>
      <trkpt lat="46.127028" lon="7.578662">
        <ele>2526.972950</ele>
        <time>2026-09-12T09:17:20.012Z</time>
      </trkpt>
      <trkpt lat="46.127567" lon="7.578895">
        <ele>2528.007985</ele>
        <time>2026-09-12T09:18:05.277Z</time>
      </trkpt>
      <trkpt lat="46.127890" lon="7.579002">
        <ele>2529.088360</ele>
        <time>2026-09-12T09:18:34.418Z</time>
      </trkpt>
      <trkpt lat="46.128690" lon="7.579077">
        <ele>2532.106391</ele>
        <time>2026-09-12T09:19:45.951Z</time>
      </trkpt>
      <trkpt lat="46.128835" lon="7.579182">
        <ele>2532.717143</ele>
        <time>2026-09-12T09:20:00.236Z</time>
      </trkpt>
      <trkpt lat="46.128928" lon="7.579179">
        <ele>2533.067339</ele>
        <time>2026-09-12T09:20:08.315Z</time>
      </trkpt>
      <trkpt lat="46.129123" lon="7.579364">
        <ele>2533.945897</ele>
        <time>2026-09-12T09:20:28.609Z</time>
      </trkpt>
      <trkpt lat="46.129667" lon="7.579560">
        <ele>2534.118479</ele>
        <time>2026-09-12T09:21:16.510Z</time>
      </trkpt>
      <trkpt lat="46.129872" lon="7.579710">
        <ele>2533.483329</ele>
        <time>2026-09-12T09:21:35.709Z</time>
      </trkpt>
      <trkpt lat="46.129984" lon="7.579901">
        <ele>2533.004189</ele>
        <time>2026-09-12T09:21:49.117Z</time>
      </trkpt>
      <trkpt lat="46.130047" lon="7.580067">
        <ele>2532.641745</ele>
        <time>2026-09-12T09:21:58.805Z</time>
      </trkpt>
      <trkpt lat="46.130158" lon="7.580220">
        <ele>2532.217562</ele>
        <time>2026-09-12T09:22:09.798Z</time>
      </trkpt>
      <trkpt lat="46.130268" lon="7.580310">
        <ele>2531.868133</ele>
        <time>2026-09-12T09:22:18.632Z</time>
      </trkpt>
      <trkpt lat="46.130589" lon="7.580343">
        <ele>2530.978861</ele>
        <time>2026-09-12T09:22:39.925Z</time>
      </trkpt>
      <trkpt lat="46.130662" lon="7.580414">
        <ele>2530.735595</ele>
        <time>2026-09-12T09:22:45.471Z</time>
      </trkpt>
      <trkpt lat="46.130768" lon="7.580424">
        <ele>2530.442058</ele>
        <time>2026-09-12T09:22:52.076Z</time>
      </trkpt>
      <trkpt lat="46.131233" lon="7.580611">
        <ele>2524.169109</ele>
        <time>2026-09-12T09:23:20.372Z</time>
      </trkpt>
      <trkpt lat="46.131434" lon="7.580545">
        <ele>2520.330314</ele>
        <time>2026-09-12T09:23:32.354Z</time>
      </trkpt>
      <trkpt lat="46.131522" lon="7.580618">
        <ele>2518.440042</ele>
        <time>2026-09-12T09:23:38.214Z</time>
      </trkpt>
      <trkpt lat="46.131627" lon="7.580568">
        <ele>2516.380968</ele>
        <time>2026-09-12T09:23:44.571Z</time>
      </trkpt>
      <trkpt lat="46.131768" lon="7.580595">
        <ele>2513.732187</ele>
        <time>2026-09-12T09:23:52.755Z</time>
      </trkpt>
      <trkpt lat="46.131861" lon="7.580514">
        <ele>2511.709280</ele>
        <time>2026-09-12T09:23:58.992Z</time>
      </trkpt>
      <trkpt lat="46.131924" lon="7.580513">
        <ele>2510.535996</ele>
        <time>2026-09-12T09:24:02.637Z</time>
      </trkpt>
      <trkpt lat="46.132024" lon="7.580563">
        <ele>2508.565129</ele>
        <time>2026-09-12T09:24:08.706Z</time>
      </trkpt>
      <trkpt lat="46.132374" lon="7.580894">
        <ele>2500.772227</ele>
        <time>2026-09-12T09:24:32.841Z</time>
      </trkpt>
      <trkpt lat="46.132526" lon="7.580863">
        <ele>2497.913487</ele>
        <time>2026-09-12T09:24:41.803Z</time>
      </trkpt>
      <trkpt lat="46.132612" lon="7.580970">
        <ele>2495.748516</ele>
        <time>2026-09-12T09:24:48.444Z</time>
      </trkpt>
      <trkpt lat="46.132796" lon="7.581038">
        <ele>2491.947517</ele>
        <time>2026-09-12T09:24:59.616Z</time>
      </trkpt>
      <trkpt lat="46.132989" lon="7.581156">
        <ele>2487.752885</ele>
        <time>2026-09-12T09:25:11.987Z</time>
      </trkpt>
      <trkpt lat="46.132828" lon="7.580894">
        <ele>2482.896745</ele>
        <time>2026-09-12T09:25:26.170Z</time>
      </trkpt>
      <trkpt lat="46.133045" lon="7.581042">
        <ele>2478.093594</ele>
        <time>2026-09-12T09:25:40.089Z</time>
      </trkpt>
      <trkpt lat="46.133276" lon="7.581134">
        <ele>2473.298051</ele>
        <time>2026-09-12T09:25:53.816Z</time>
      </trkpt>
      <trkpt lat="46.133423" lon="7.580935">
        <ele>2469.264488</ele>
        <time>2026-09-12T09:26:05.428Z</time>
      </trkpt>
      <trkpt lat="46.133578" lon="7.580886">
        <ele>2466.089108</ele>
        <time>2026-09-12T09:26:14.599Z</time>
      </trkpt>
      <trkpt lat="46.133679" lon="7.580777">
        <ele>2463.565209</ele>
        <time>2026-09-12T09:26:21.959Z</time>
      </trkpt>
      <trkpt lat="46.133813" lon="7.580767">
        <ele>2460.880052</ele>
        <time>2026-09-12T09:26:29.778Z</time>
      </trkpt>
      <trkpt lat="46.133844" lon="7.580806">
        <ele>2460.355316</ele>
        <time>2026-09-12T09:26:32.176Z</time>
      </trkpt>
      <trkpt lat="46.133834" lon="7.580909">
        <ele>2459.930974</ele>
        <time>2026-09-12T09:26:36.390Z</time>
      </trkpt>
      <trkpt lat="46.133908" lon="7.580879">
        <ele>2459.478425</ele>
        <time>2026-09-12T09:26:40.925Z</time>
      </trkpt>
      <trkpt lat="46.134103" lon="7.581050">
        <ele>2458.134980</ele>
        <time>2026-09-12T09:26:54.764Z</time>
      </trkpt>
      <trkpt lat="46.134217" lon="7.581020">
        <ele>2457.452724</ele>
        <time>2026-09-12T09:27:02.166Z</time>
      </trkpt>
      <trkpt lat="46.134368" lon="7.580872">
        <ele>2456.378022</ele>
        <time>2026-09-12T09:27:14.288Z</time>
      </trkpt>
      <trkpt lat="46.134401" lon="7.580801">
        <ele>2456.029224</ele>
        <time>2026-09-12T09:27:18.362Z</time>
      </trkpt>
      <trkpt lat="46.134550" lon="7.580724">
        <ele>2455.097415</ele>
        <time>2026-09-12T09:27:29.270Z</time>
      </trkpt>
      <trkpt lat="46.134657" lon="7.580738">
        <ele>2454.464857</ele>
        <time>2026-09-12T09:27:36.773Z</time>
      </trkpt>
      <trkpt lat="46.134911" lon="7.580670">
        <ele>2452.943889</ele>
        <time>2026-09-12T09:27:55.326Z</time>
      </trkpt>
      <trkpt lat="46.134993" lon="7.580717">
        <ele>2452.424418</ele>
        <time>2026-09-12T09:28:01.795Z</time>
      </trkpt>
      <trkpt lat="46.135084" lon="7.580863">
        <ele>2451.623252</ele>
        <time>2026-09-12T09:28:11.706Z</time>
      </trkpt>
      <trkpt lat="46.135145" lon="7.580873">
        <ele>2451.261798</ele>
        <time>2026-09-12T09:28:16.162Z</time>
      </trkpt>
      <trkpt lat="46.135195" lon="7.580795">
        <ele>2450.828289</ele>
        <time>2026-09-12T09:28:21.403Z</time>
      </trkpt>
      <trkpt lat="46.135283" lon="7.580726">
        <ele>2450.238640</ele>
        <time>2026-09-12T09:28:28.476Z</time>
      </trkpt>
      <trkpt lat="46.135331" lon="7.580733">
        <ele>2449.954596</ele>
        <time>2026-09-12T09:28:31.800Z</time>
      </trkpt>
      <trkpt lat="46.135475" lon="7.580840">
        <ele>2448.366378</ele>
        <time>2026-09-12T09:28:42.936Z</time>
      </trkpt>
      <trkpt lat="46.135608" lon="7.580851">
        <ele>2447.022117</ele>
        <time>2026-09-12T09:28:51.760Z</time>
      </trkpt>
      <trkpt lat="46.135715" lon="7.580796">
        <ele>2445.875968</ele>
        <time>2026-09-12T09:28:59.163Z</time>
      </trkpt>
      <trkpt lat="46.135764" lon="7.580737">
        <ele>2445.232019</ele>
        <time>2026-09-12T09:29:03.278Z</time>
      </trkpt>
      <trkpt lat="46.135981" lon="7.580852">
        <ele>2442.899362</ele>
        <time>2026-09-12T09:29:17.752Z</time>
      </trkpt>
      <trkpt lat="46.136105" lon="7.580737">
        <ele>2441.412011</ele>
        <time>2026-09-12T09:29:26.645Z</time>
      </trkpt>
      <trkpt lat="46.136171" lon="7.580620">
        <ele>2440.357107</ele>
        <time>2026-09-12T09:29:32.857Z</time>
      </trkpt>
      <trkpt lat="46.136300" lon="7.580597">
        <ele>2439.045513</ele>
        <time>2026-09-12T09:29:40.481Z</time>
      </trkpt>
      <trkpt lat="46.136375" lon="7.580450">
        <ele>2437.769092</ele>
        <time>2026-09-12T09:29:47.887Z</time>
      </trkpt>
      <trkpt lat="46.136407" lon="7.580429">
        <ele>2437.414371</ele>
        <time>2026-09-12T09:29:49.935Z</time>
      </trkpt>
      <trkpt lat="46.136765" lon="7.580341">
        <ele>2433.749881</ele>
        <time>2026-09-12T09:30:11.035Z</time>
      </trkpt>
      <trkpt lat="46.136917" lon="7.580355">
        <ele>2432.212978</ele>
        <time>2026-09-12T09:30:19.885Z</time>
      </trkpt>
      <trkpt lat="46.136964" lon="7.580398">
        <ele>2431.601982</ele>
        <time>2026-09-12T09:30:23.086Z</time>
      </trkpt>
      <trkpt lat="46.137064" lon="7.580378">
        <ele>2430.017081</ele>
        <time>2026-09-12T09:30:28.948Z</time>
      </trkpt>
      <trkpt lat="46.137114" lon="7.580344">
        <ele>2429.149357</ele>
        <time>2026-09-12T09:30:32.150Z</time>
      </trkpt>
      <trkpt lat="46.137125" lon="7.580284">
        <ele>2428.474197</ele>
        <time>2026-09-12T09:30:34.635Z</time>
      </trkpt>
      <trkpt lat="46.137398" lon="7.580084">
        <ele>2423.667767</ele>
        <time>2026-09-12T09:30:52.370Z</time>
      </trkpt>
      <trkpt lat="46.137850" lon="7.580035">
        <ele>2416.551840</ele>
        <time>2026-09-12T09:31:18.606Z</time>
      </trkpt>
      <trkpt lat="46.138082" lon="7.579961">
        <ele>2412.821781</ele>
        <time>2026-09-12T09:31:32.384Z</time>
      </trkpt>
      <trkpt lat="46.138359" lon="7.579753">
        <ele>2407.919735</ele>
        <time>2026-09-12T09:31:50.550Z</time>
      </trkpt>
      <trkpt lat="46.138537" lon="7.579721">
        <ele>2405.103720</ele>
        <time>2026-09-12T09:32:01.007Z</time>
      </trkpt>
      <trkpt lat="46.138698" lon="7.579571">
        <ele>2402.220925</ele>
        <time>2026-09-12T09:32:12.107Z</time>
      </trkpt>
      <trkpt lat="46.138803" lon="7.579513">
        <ele>2400.613420</ele>
        <time>2026-09-12T09:32:18.666Z</time>
      </trkpt>
      <trkpt lat="46.138981" lon="7.579461">
        <ele>2398.016754</ele>
        <time>2026-09-12T09:32:29.249Z</time>
      </trkpt>
      <trkpt lat="46.139220" lon="7.579496">
        <ele>2394.581979</ele>
        <time>2026-09-12T09:32:43.209Z</time>
      </trkpt>
      <trkpt lat="46.139314" lon="7.579461">
        <ele>2393.193955</ele>
        <time>2026-09-12T09:32:48.874Z</time>
      </trkpt>
      <trkpt lat="46.139541" lon="7.579222">
        <ele>2389.176393</ele>
        <time>2026-09-12T09:33:05.209Z</time>
      </trkpt>
      <trkpt lat="46.139742" lon="7.579090">
        <ele>2386.018941</ele>
        <time>2026-09-12T09:33:18.073Z</time>
      </trkpt>
      <trkpt lat="46.140204" lon="7.578721">
        <ele>2378.469151</ele>
        <time>2026-09-12T09:33:48.795Z</time>
      </trkpt>
      <trkpt lat="46.140743" lon="7.578063">
        <ele>2366.743003</ele>
        <time>2026-09-12T09:34:30.009Z</time>
      </trkpt>
      <trkpt lat="46.140931" lon="7.577822">
        <ele>2362.524188</ele>
        <time>2026-09-12T09:34:44.622Z</time>
      </trkpt>
      <trkpt lat="46.141088" lon="7.577440">
        <ele>2357.360941</ele>
        <time>2026-09-12T09:35:02.463Z</time>
      </trkpt>
      <trkpt lat="46.141138" lon="7.577368">
        <ele>2356.175904</ele>
        <time>2026-09-12T09:35:06.538Z</time>
      </trkpt>
      <trkpt lat="46.141075" lon="7.577294">
        <ele>2354.813081</ele>
        <time>2026-09-12T09:35:08.864Z</time>
      </trkpt>
      <trkpt lat="46.141048" lon="7.577129">
        <ele>2352.842176</ele>
        <time>2026-09-12T09:35:12.224Z</time>
      </trkpt>
      <trkpt lat="46.141014" lon="7.577215">
        <ele>2351.691124</ele>
        <time>2026-09-12T09:35:14.566Z</time>
      </trkpt>
      <trkpt lat="46.140990" lon="7.577205">
        <ele>2351.272012</ele>
        <time>2026-09-12T09:35:15.420Z</time>
      </trkpt>
      <trkpt lat="46.140856" lon="7.577029">
        <ele>2348.232160</ele>
        <time>2026-09-12T09:35:21.662Z</time>
      </trkpt>
      <trkpt lat="46.140758" lon="7.576660">
        <ele>2342.665663</ele>
        <time>2026-09-12T09:35:30.903Z</time>
      </trkpt>
      <trkpt lat="46.140724" lon="7.576390">
        <ele>2338.694198</ele>
        <time>2026-09-12T09:35:37.318Z</time>
      </trkpt>
      <trkpt lat="46.140708" lon="7.576254">
        <ele>2336.697826</ele>
        <time>2026-09-12T09:35:40.565Z</time>
      </trkpt>
      <trkpt lat="46.140540" lon="7.575849">
        <ele>2329.866550</ele>
        <time>2026-09-12T09:35:51.671Z</time>
      </trkpt>
      <trkpt lat="46.140472" lon="7.575841">
        <ele>2328.441553</ele>
        <time>2026-09-12T09:35:54.023Z</time>
      </trkpt>
      <trkpt lat="46.140442" lon="7.575874">
        <ele>2327.653704</ele>
        <time>2026-09-12T09:35:55.308Z</time>
      </trkpt>
      <trkpt lat="46.140230" lon="7.576199">
        <ele>2321.193887</ele>
        <time>2026-09-12T09:36:04.216Z</time>
      </trkpt>
      <trkpt lat="46.140055" lon="7.576523">
        <ele>2315.248566</ele>
        <time>2026-09-12T09:36:12.400Z</time>
      </trkpt>
      <trkpt lat="46.140006" lon="7.576337">
        <ele>2312.368735</ele>
        <time>2026-09-12T09:36:17.056Z</time>
      </trkpt>
      <trkpt lat="46.139760" lon="7.576457">
        <ele>2306.982754</ele>
        <time>2026-09-12T09:36:25.900Z</time>
      </trkpt>
      <trkpt lat="46.139691" lon="7.576547">
        <ele>2305.063833</ele>
        <time>2026-09-12T09:36:29.066Z</time>
      </trkpt>
      <trkpt lat="46.139577" lon="7.576574">
        <ele>2302.680270</ele>
        <time>2026-09-12T09:36:33.038Z</time>
      </trkpt>
      <trkpt lat="46.139566" lon="7.576559">
        <ele>2302.368027</ele>
        <time>2026-09-12T09:36:33.566Z</time>
      </trkpt>
      <trkpt lat="46.139609" lon="7.576385">
        <ele>2299.726993</ele>
        <time>2026-09-12T09:36:37.936Z</time>
      </trkpt>
      <trkpt lat="46.139345" lon="7.576383">
        <ele>2294.279949</ele>
        <time>2026-09-12T09:36:46.912Z</time>
      </trkpt>
      <trkpt lat="46.139431" lon="7.576229">
        <ele>2291.452286</ele>
        <time>2026-09-12T09:36:50.849Z</time>
      </trkpt>
      <trkpt lat="46.139445" lon="7.576146">
        <ele>2290.231037</ele>
        <time>2026-09-12T09:36:52.541Z</time>
      </trkpt>
      <trkpt lat="46.139435" lon="7.576091">
        <ele>2289.418119</ele>
        <time>2026-09-12T09:36:53.681Z</time>
      </trkpt>
      <trkpt lat="46.139412" lon="7.576050">
        <ele>2288.663953</ele>
        <time>2026-09-12T09:36:54.907Z</time>
      </trkpt>
      <trkpt lat="46.139255" lon="7.576105">
        <ele>2285.330590</ele>
        <time>2026-09-12T09:37:00.366Z</time>
      </trkpt>
      <trkpt lat="46.139291" lon="7.576046">
        <ele>2284.206679</ele>
        <time>2026-09-12T09:37:02.188Z</time>
      </trkpt>
      <trkpt lat="46.139276" lon="7.575925">
        <ele>2282.449350</ele>
        <time>2026-09-12T09:37:05.051Z</time>
      </trkpt>
      <trkpt lat="46.139198" lon="7.575914">
        <ele>2280.832353</ele>
        <time>2026-09-12T09:37:07.691Z</time>
      </trkpt>
      <trkpt lat="46.139114" lon="7.575792">
        <ele>2278.373525</ele>
        <time>2026-09-12T09:37:11.696Z</time>
      </trkpt>
      <trkpt lat="46.139040" lon="7.575777">
        <ele>2276.831737</ele>
        <time>2026-09-12T09:37:14.264Z</time>
      </trkpt>
      <trkpt lat="46.138868" lon="7.575653">
        <ele>2272.857822</ele>
        <time>2026-09-12T09:37:20.841Z</time>
      </trkpt>
      <trkpt lat="46.138895" lon="7.575476">
        <ele>2269.995106</ele>
        <time>2026-09-12T09:37:25.234Z</time>
      </trkpt>
      <trkpt lat="46.138833" lon="7.575519">
        <ele>2268.427053</ele>
        <time>2026-09-12T09:37:27.614Z</time>
      </trkpt>
      <trkpt lat="46.138789" lon="7.575491">
        <ele>2267.330870</ele>
        <time>2026-09-12T09:37:29.331Z</time>
      </trkpt>
      <trkpt lat="46.138788" lon="7.575437">
        <ele>2266.477617</ele>
        <time>2026-09-12T09:37:30.642Z</time>
      </trkpt>
      <trkpt lat="46.138661" lon="7.575348">
        <ele>2263.259319</ele>
        <time>2026-09-12T09:37:35.527Z</time>
      </trkpt>
      <trkpt lat="46.138655" lon="7.575311">
        <ele>2262.659099</ele>
        <time>2026-09-12T09:37:36.471Z</time>
      </trkpt>
      <trkpt lat="46.138716" lon="7.575155">
        <ele>2259.829745</ele>
        <time>2026-09-12T09:37:40.818Z</time>
      </trkpt>
      <trkpt lat="46.138588" lon="7.575225">
        <ele>2256.709451</ele>
        <time>2026-09-12T09:37:44.920Z</time>
      </trkpt>
      <trkpt lat="46.138453" lon="7.575253">
        <ele>2253.600437</ele>
        <time>2026-09-12T09:37:48.959Z</time>
      </trkpt>
      <trkpt lat="46.138489" lon="7.574576">
        <ele>2242.875490</ele>
        <time>2026-09-12T09:38:05.084Z</time>
      </trkpt>
      <trkpt lat="46.138447" lon="7.574345">
        <ele>2239.103227</ele>
        <time>2026-09-12T09:38:10.691Z</time>
      </trkpt>
      <trkpt lat="46.138411" lon="7.574273">
        <ele>2237.700788</ele>
        <time>2026-09-12T09:38:12.768Z</time>
      </trkpt>
      <trkpt lat="46.138391" lon="7.574202">
        <ele>2236.490183</ele>
        <time>2026-09-12T09:38:14.293Z</time>
      </trkpt>
      <trkpt lat="46.138410" lon="7.573907">
        <ele>2231.864033</ele>
        <time>2026-09-12T09:38:20.191Z</time>
      </trkpt>
      <trkpt lat="46.138411" lon="7.573869">
        <ele>2231.531740</ele>
        <time>2026-09-12T09:38:20.956Z</time>
      </trkpt>
      <trkpt lat="46.138372" lon="7.573812">
        <ele>2230.831760</ele>
        <time>2026-09-12T09:38:22.553Z</time>
      </trkpt>
      <trkpt lat="46.137900" lon="7.573182">
        <ele>2222.723965</ele>
        <time>2026-09-12T09:38:41.199Z</time>
      </trkpt>
      <trkpt lat="46.137471" lon="7.572457">
        <ele>2214.393011</ele>
        <time>2026-09-12T09:39:00.571Z</time>
      </trkpt>
      <trkpt lat="46.137253" lon="7.571990">
        <ele>2209.472528</ele>
        <time>2026-09-12T09:39:12.744Z</time>
      </trkpt>
      <trkpt lat="46.137070" lon="7.571505">
        <ele>2210.068837</ele>
        <time>2026-09-12T09:39:25.321Z</time>
      </trkpt>
      <trkpt lat="46.136939" lon="7.570980">
        <ele>2210.938639</ele>
        <time>2026-09-12T09:39:39.027Z</time>
      </trkpt>
      <trkpt lat="46.136864" lon="7.570418">
        <ele>2211.830774</ele>
        <time>2026-09-12T09:39:54.895Z</time>
      </trkpt>
      <trkpt lat="46.136868" lon="7.569952">
        <ele>2212.557223</ele>
        <time>2026-09-12T09:40:10.535Z</time>
      </trkpt>
      <trkpt lat="46.136924" lon="7.569480">
        <ele>2213.362540</ele>
        <time>2026-09-12T09:40:30.632Z</time>
      </trkpt>
      <trkpt lat="46.137017" lon="7.569127">
        <ele>2217.592473</ele>
        <time>2026-09-12T09:40:49.094Z</time>
      </trkpt>
      <trkpt lat="46.137135" lon="7.568789">
        <ele>2221.831597</ele>
        <time>2026-09-12T09:41:10.104Z</time>
      </trkpt>
      <trkpt lat="46.137425" lon="7.568214">
        <ele>2229.797179</ele>
        <time>2026-09-12T09:41:51.885Z</time>
      </trkpt>
      <trkpt lat="46.137708" lon="7.567782">
        <ele>2236.455792</ele>
        <time>2026-09-12T09:42:30.992Z</time>
      </trkpt>
      <trkpt lat="46.138058" lon="7.567396">
        <ele>2241.927345</ele>
        <time>2026-09-12T09:43:07.994Z</time>
      </trkpt>
      <trkpt lat="46.138160" lon="7.567508">
        <ele>2241.173243</ele>
        <time>2026-09-12T09:43:16.573Z</time>
      </trkpt>
      <trkpt lat="46.138247" lon="7.567524">
        <ele>2240.657219</ele>
        <time>2026-09-12T09:43:21.828Z</time>
      </trkpt>
      <trkpt lat="46.138312" lon="7.567499">
        <ele>2240.261428</ele>
        <time>2026-09-12T09:43:25.620Z</time>
      </trkpt>
      <trkpt lat="46.138348" lon="7.567414">
        <ele>2239.855280</ele>
        <time>2026-09-12T09:43:28.933Z</time>
      </trkpt>
      <trkpt lat="46.138381" lon="7.567344">
        <ele>2239.510107</ele>
        <time>2026-09-12T09:43:32.647Z</time>
      </trkpt>
      <trkpt lat="46.138423" lon="7.567101">
        <ele>2238.489055</ele>
        <time>2026-09-12T09:43:41.931Z</time>
      </trkpt>
      <trkpt lat="46.138547" lon="7.567011">
        <ele>2237.672401</ele>
        <time>2026-09-12T09:43:48.474Z</time>
      </trkpt>
      <trkpt lat="46.138868" lon="7.567093">
        <ele>2235.754365</ele>
        <time>2026-09-12T09:44:02.084Z</time>
      </trkpt>
      <trkpt lat="46.139045" lon="7.567223">
        <ele>2234.585840</ele>
        <time>2026-09-12T09:44:10.091Z</time>
      </trkpt>
      <trkpt lat="46.139134" lon="7.567207">
        <ele>2234.058141</ele>
        <time>2026-09-12T09:44:13.729Z</time>
      </trkpt>
      <trkpt lat="46.139286" lon="7.567091">
        <ele>2233.046473</ele>
        <time>2026-09-12T09:44:20.647Z</time>
      </trkpt>
      <trkpt lat="46.139350" lon="7.567073">
        <ele>2232.662831</ele>
        <time>2026-09-12T09:44:23.226Z</time>
      </trkpt>
      <trkpt lat="46.139621" lon="7.567130">
        <ele>2229.036842</ele>
        <time>2026-09-12T09:44:34.808Z</time>
      </trkpt>
      <trkpt lat="46.139868" lon="7.567289">
        <ele>2223.072409</ele>
        <time>2026-09-12T09:44:46.321Z</time>
      </trkpt>
      <trkpt lat="46.140034" lon="7.567348">
        <ele>2219.302196</ele>
        <time>2026-09-12T09:44:53.548Z</time>
      </trkpt>
      <trkpt lat="46.140206" lon="7.567361">
        <ele>2215.503847</ele>
        <time>2026-09-12T09:45:00.867Z</time>
      </trkpt>
      <trkpt lat="46.140466" lon="7.567277">
        <ele>2209.628101</ele>
        <time>2026-09-12T09:45:11.880Z</time>
      </trkpt>
      <trkpt lat="46.140484" lon="7.567311">
        <ele>2208.974271</ele>
        <time>2026-09-12T09:45:13.086Z</time>
      </trkpt>
      <trkpt lat="46.140468" lon="7.567364">
        <ele>2208.090875</ele>
        <time>2026-09-12T09:45:14.693Z</time>
      </trkpt>
      <trkpt lat="46.140065" lon="7.567711">
        <ele>2197.741885</ele>
        <time>2026-09-12T09:45:33.413Z</time>
      </trkpt>
      <trkpt lat="46.139880" lon="7.567778">
        <ele>2193.535545</ele>
        <time>2026-09-12T09:45:41.048Z</time>
      </trkpt>
      <trkpt lat="46.139660" lon="7.567737">
        <ele>2189.948490</ele>
        <time>2026-09-12T09:45:50.014Z</time>
      </trkpt>
      <trkpt lat="46.139627" lon="7.567761">
        <ele>2189.439562</ele>
        <time>2026-09-12T09:45:51.494Z</time>
      </trkpt>
      <trkpt lat="46.139652" lon="7.567825">
        <ele>2188.738457</ele>
        <time>2026-09-12T09:45:53.563Z</time>
      </trkpt>
      <trkpt lat="46.140024" lon="7.567986">
        <ele>2183.389788</ele>
        <time>2026-09-12T09:46:09.323Z</time>
      </trkpt>
      <trkpt lat="46.140251" lon="7.568001">
        <ele>2180.260223</ele>
        <time>2026-09-12T09:46:18.571Z</time>
      </trkpt>
      <trkpt lat="46.140442" lon="7.567937">
        <ele>2177.559765</ele>
        <time>2026-09-12T09:46:26.499Z</time>
      </trkpt>
      <trkpt lat="46.140439" lon="7.567991">
        <ele>2177.042808</ele>
        <time>2026-09-12T09:46:28.020Z</time>
      </trkpt>
      <trkpt lat="46.140367" lon="7.568077">
        <ele>2175.755654</ele>
        <time>2026-09-12T09:46:31.829Z</time>
      </trkpt>
      <trkpt lat="46.139990" lon="7.568295">
        <ele>2170.162283</ele>
        <time>2026-09-12T09:46:48.293Z</time>
      </trkpt>
      <trkpt lat="46.139820" lon="7.568313">
        <ele>2167.814716</ele>
        <time>2026-09-12T09:46:55.183Z</time>
      </trkpt>
      <trkpt lat="46.139647" lon="7.568272">
        <ele>2166.212922</ele>
        <time>2026-09-12T09:47:02.252Z</time>
      </trkpt>
      <trkpt lat="46.139619" lon="7.568317">
        <ele>2165.876648</ele>
        <time>2026-09-12T09:47:03.959Z</time>
      </trkpt>
      <trkpt lat="46.139644" lon="7.568359">
        <ele>2165.568795</ele>
        <time>2026-09-12T09:47:05.533Z</time>
      </trkpt>
      <trkpt lat="46.139977" lon="7.568519">
        <ele>2162.752542</ele>
        <time>2026-09-12T09:47:20.035Z</time>
      </trkpt>
      <trkpt lat="46.140223" lon="7.568570">
        <ele>2160.758326</ele>
        <time>2026-09-12T09:47:30.711Z</time>
      </trkpt>
      <trkpt lat="46.140369" lon="7.568506">
        <ele>2159.533945</ele>
        <time>2026-09-12T09:47:37.489Z</time>
      </trkpt>
      <trkpt lat="46.140405" lon="7.568531">
        <ele>2159.213372</ele>
        <time>2026-09-12T09:47:39.339Z</time>
      </trkpt>
      <trkpt lat="46.140397" lon="7.568578">
        <ele>2158.944286</ele>
        <time>2026-09-12T09:47:40.780Z</time>
      </trkpt>
      <trkpt lat="46.140139" lon="7.568744">
        <ele>2156.677627</ele>
        <time>2026-09-12T09:47:53.895Z</time>
      </trkpt>
      <trkpt lat="46.139900" lon="7.568824">
        <ele>2154.708937</ele>
        <time>2026-09-12T09:48:05.514Z</time>
      </trkpt>
      <trkpt lat="46.139627" lon="7.568866">
        <ele>2152.722035</ele>
        <time>2026-09-12T09:48:17.739Z</time>
      </trkpt>
      <trkpt lat="46.139370" lon="7.568821">
        <ele>2151.742720</ele>
        <time>2026-09-12T09:48:29.561Z</time>
      </trkpt>
      <trkpt lat="46.138942" lon="7.569028">
        <ele>2150.035175</ele>
        <time>2026-09-12T09:48:50.563Z</time>
      </trkpt>
      <trkpt lat="46.138870" lon="7.569120">
        <ele>2149.671398</ele>
        <time>2026-09-12T09:48:54.972Z</time>
      </trkpt>
      <trkpt lat="46.138876" lon="7.569226">
        <ele>2149.392629</ele>
        <time>2026-09-12T09:48:58.280Z</time>
      </trkpt>
      <trkpt lat="46.138936" lon="7.569287">
        <ele>2149.114995</ele>
        <time>2026-09-12T09:49:01.611Z</time>
      </trkpt>
      <trkpt lat="46.139162" lon="7.569323">
        <ele>2148.254885</ele>
        <time>2026-09-12T09:49:11.744Z</time>
      </trkpt>
      <trkpt lat="46.139191" lon="7.569432">
        <ele>2147.948843</ele>
        <time>2026-09-12T09:49:15.203Z</time>
      </trkpt>
      <trkpt lat="46.139150" lon="7.569546">
        <ele>2147.612178</ele>
        <time>2026-09-12T09:49:18.877Z</time>
      </trkpt>
      <trkpt lat="46.138985" lon="7.569781">
        <ele>2146.735249</ele>
        <time>2026-09-12T09:49:29.476Z</time>
      </trkpt>
      <trkpt lat="46.138836" lon="7.569901">
        <ele>2146.110835</ele>
        <time>2026-09-12T09:49:38.150Z</time>
      </trkpt>
      <trkpt lat="46.138419" lon="7.569923">
        <ele>2146.110835</ele>
        <time>2026-09-12T09:50:06.928Z</time>
      </trkpt>
      <trkpt lat="46.138336" lon="7.569953">
        <ele>2146.110835</ele>
        <time>2026-09-12T09:50:14.181Z</time>
      </trkpt>
      <trkpt lat="46.138298" lon="7.570027">
        <ele>2146.110835</ele>
        <time>2026-09-12T09:50:20.157Z</time>
      </trkpt>
      <trkpt lat="46.138279" lon="7.570178">
        <ele>2146.110835</ele>
        <time>2026-09-12T09:50:29.819Z</time>
      </trkpt>
      <trkpt lat="46.137687" lon="7.570118">
        <ele>2146.110835</ele>
        <time>2026-09-12T09:51:10.961Z</time>
      </trkpt>
      <trkpt lat="46.137659" lon="7.570141">
        <ele>2146.110835</ele>
        <time>2026-09-12T09:51:13.241Z</time>
      </trkpt>
    </trkseg>
  </trk>
</gpx>